satz_id;variante_H2O;zeit_messung;bodensaugspannung_0020_hPa;bodensaugspannung_2040_hPa;bodensaugspannung_4060_hPa;pf_0020;pf_2040;pf_4060;T0020_nFK;T2040_nFK;T4060_nFK
2;Wfull;2020-07-30;51.78;47.54;49.99;1.71;1.68;1.7;103.58;105.12;104.21
2;Wfull;2020-07-31;45.01;50.39;55.21;1.65;1.7;1.74;106.11;104.07;102.42
2;Wfull;2020-08-01;55.8;52.45;56.08;1.75;1.72;1.75;102.22;103.34;102.13
2;Wfull;2020-08-02;28.18;45.71;56.21;1.45;1.66;1.75;114.59;105.83;102.09
2;Wfull;2020-08-03;41.02;36.64;52.4;1.61;1.56;1.72;107.79;109.84;103.36
2;Wfull;2020-08-04;50.29;42.3;50.62;1.7;1.63;1.7;104.1;107.24;103.99
2;Wfull;2020-08-05;57.29;45.27;50.66;1.76;1.66;1.7;101.75;106.01;103.97
2;Wfull;2020-08-06;60.96;48.54;51.49;1.79;1.69;1.71;100.62;104.75;103.68
2;Wfull;2020-08-07;63.7;48.74;51.93;1.8;1.69;1.72;99.83;104.67;103.52
2;Wfull;2020-08-08;51.28;50.61;53.19;1.71;1.7;1.73;103.75;103.99;103.09
2;Wfull;2020-08-09;58.95;51.36;55.62;1.77;1.71;1.75;101.23;103.72;102.28
2;Wfull;2020-08-10;72.92;54.06;55.56;1.86;1.73;1.74;97.38;102.8;102.3
2;Wfull;2020-08-11;90.32;59.74;57.6;1.96;1.78;1.76;93.51;100.99;101.65
2;Wfull;2020-08-12;85.18;64.43;59.35;1.93;1.81;1.77;94.57;99.62;101.11
2;Wfull;2020-08-13;79.28;68.35;61.15;1.9;1.83;1.79;95.87;98.55;100.57
2;Wfull;2020-08-14;77.74;69.14;62.37;1.89;1.84;1.79;96.22;98.34;100.21
2;Wfull;2020-08-15;98.52;70.04;62.77;1.99;1.85;1.8;91.94;98.11;100.09
2;Wfull;2020-08-16;144.99;76.45;65.48;2.16;1.88;1.82;84.94;96.53;99.33
2;Wfull;2020-08-17;218.69;87.71;67.24;2.34;1.94;1.83;77.51;94.04;98.85
2;Wfull;2020-08-18;314.76;99.27;68.7;2.5;2;1.84;70.92;91.8;98.46
2;Wfull;2020-08-19;407.28;112.24;73.04;2.61;2.05;1.86;66.25;89.58;97.35
2;Wfull;2020-08-20;474.39;123.06;75.57;2.68;2.09;1.88;63.49;87.91;96.74
2;Wfull;2020-08-21;579.29;140.18;77.65;2.76;2.15;1.89;59.88;85.55;96.24
2;Wfull;2020-08-22;703.93;167.58;82.18;2.85;2.22;1.91;56.35;82.32;95.22
2;Wfull;2020-08-23;781.4;198.74;87.52;2.89;2.3;1.94;54.46;79.24;94.08
2;Wfull;2020-08-24;833.91;237.38;93.3;2.92;2.38;1.97;53.29;76.02;92.92
2;Wfull;2020-08-25;843.73;240.69;98.07;2.93;2.38;1.99;53.07;75.77;92.02
2;Wfull;2020-08-26;809.38;274.33;104.65;2.91;2.44;2.02;53.83;73.41;90.84
2;Wfull;2020-08-27;781.9;306.1;110.81;2.89;2.49;2.04;54.45;71.42;89.81
2;Wfull;2020-08-28;757.46;332.72;115.24;2.88;2.52;2.06;55.03;69.91;89.1
2;Wfull;2020-08-29;773.69;377.22;122.72;2.89;2.58;2.09;54.64;67.64;87.96
2;Wfull;2020-08-30;624.97;367.98;127.28;2.8;2.57;2.1;58.51;68.09;87.3
2;Wfull;2020-08-31;277.8;333.78;132.18;2.44;2.52;2.12;73.18;69.86;86.62
2;Wfull;2020-09-01;27;75.11;127.91;1.43;1.88;2.11;115.36;96.85;87.21
2;Wfull;2020-09-02;46.96;54.82;112.44;1.67;1.74;2.05;105.34;102.54;89.54
2;Wfull;2020-09-03;65.91;67.7;100.43;1.82;1.83;2;99.21;98.73;91.59
2;Wfull;2020-09-04;98.47;83.54;96.35;1.99;1.92;1.98;91.95;94.92;92.34
2;Wfull;2020-09-05;173.92;114.35;99.26;2.24;2.06;2;81.65;89.24;91.8
2;Wfull;2020-09-06;317.28;152.3;107.01;2.5;2.18;2.03;70.77;84.05;90.44
2;Wfull;2020-09-07;485.39;181.53;115.75;2.69;2.26;2.06;63.08;80.88;89.02
2;Wfull;2020-09-08;699.1;237.6;126.72;2.84;2.38;2.1;56.48;76.01;87.38
2;Wfull;2020-09-09;410.41;289.86;138.89;2.61;2.46;2.14;66.12;72.41;85.72
2;Wfull;2020-09-10;160.23;318.29;143.31;2.2;2.5;2.16;83.14;70.72;85.16
2;Wred;2020-07-30;55.55;64.13;60.98;1.74;1.81;1.79;102.3;99.71;100.62
2;Wred;2020-07-31;47.72;63.55;64.69;1.68;1.8;1.81;105.05;99.87;99.55
2;Wred;2020-08-01;59.41;63.21;65.11;1.77;1.8;1.81;101.09;99.97;99.43
2;Wred;2020-08-02;29.28;56.94;64.1;1.47;1.76;1.81;113.89;101.86;99.71
2;Wred;2020-08-03;44.44;48.91;61.89;1.65;1.69;1.79;106.34;104.61;100.35
2;Wred;2020-08-04;55.04;52.73;58.06;1.74;1.72;1.76;102.47;103.25;101.51
2;Wred;2020-08-05;62.41;56.44;56.81;1.8;1.75;1.75;100.2;102.02;101.9
2;Wred;2020-08-06;65.94;59.56;56.35;1.82;1.77;1.75;99.2;101.04;102.05
2;Wred;2020-08-07;69.14;61.16;55.92;1.84;1.79;1.75;98.34;100.56;102.18
2;Wred;2020-08-08;55.15;62.09;55.92;1.74;1.79;1.75;102.44;100.29;102.18
2;Wred;2020-08-09;62.28;62.18;56.77;1.79;1.79;1.75;100.24;100.26;101.91
2;Wred;2020-08-10;78.25;64.03;56.94;1.89;1.81;1.76;96.1;99.73;101.86
2;Wred;2020-08-11;97.93;67.96;58.17;1.99;1.83;1.76;92.05;98.66;101.47
2;Wred;2020-08-12;90.82;72.53;60.26;1.96;1.86;1.78;93.41;97.48;100.83
2;Wred;2020-08-13;83.39;74.68;62.76;1.92;1.87;1.8;94.95;96.95;100.1
2;Wred;2020-08-14;82.98;75.09;64.57;1.92;1.88;1.81;95.04;96.85;99.58
2;Wred;2020-08-15;107.48;76.8;64.88;2.03;1.89;1.81;90.36;96.44;99.5
2;Wred;2020-08-16;166.62;80.47;65.98;2.22;1.91;1.82;82.43;95.6;99.19
2;Wred;2020-08-17;265.71;86.53;68.23;2.42;1.94;1.83;73.98;94.28;98.58
2;Wred;2020-08-18;404.57;93.17;69.6;2.61;1.97;1.84;66.38;92.95;98.22
2;Wred;2020-08-19;550.56;102.47;71.73;2.74;2.01;1.86;60.8;91.23;97.68
2;Wred;2020-08-20;692.92;112.33;72.68;2.84;2.05;1.86;56.64;89.56;97.44
2;Wred;2020-08-21;790.72;124.88;74.42;2.9;2.1;1.87;54.25;87.65;97.01
2;Wred;2020-08-22;853.61;143.12;78.72;2.93;2.16;1.9;52.86;85.18;96
2;Wred;2020-08-23;880.68;166.06;82.42;2.94;2.22;1.92;52.3;82.49;95.17
2;Wred;2020-08-24;883.92;195.2;86.55;2.95;2.29;1.94;52.23;79.56;94.28
2;Wred;2020-08-25;830.19;229.88;92.67;2.92;2.36;1.97;53.37;76.6;93.04
2;Wred;2020-08-26;845.05;289.79;97.77;2.93;2.46;1.99;53.05;72.41;92.07
2;Wred;2020-08-27;878.96;360.22;104.3;2.94;2.56;2.02;52.33;68.48;90.9
2;Wred;2020-08-28;880.39;446;110.03;2.94;2.65;2.04;52.31;64.61;89.94
2;Wred;2020-08-29;844.88;554.98;119.26;2.93;2.74;2.08;53.05;60.66;88.48
2;Wred;2020-08-30;866.19;641.47;129.51;2.94;2.81;2.11;52.6;58.03;86.99
2;Wred;2020-08-31;876.52;704.86;139.96;2.94;2.85;2.15;52.38;56.33;85.58
2;Wred;2020-09-01;;727.46;148.18;;2.86;2.17;;55.76;84.55
2;Wred;2020-09-02;;761.47;163.08;;2.88;2.21;;54.93;82.82
2;Wred;2020-09-03;725.2;794.61;175.53;2.86;2.9;2.24;55.81;54.16;81.49
2;Wred;2020-09-04;749.89;806.6;190.11;2.87;2.91;2.28;55.21;53.89;80.04
2;Wred;2020-09-05;792.91;829.34;216.18;2.9;2.92;2.33;54.2;53.39;77.72
2;Wred;2020-09-06;829.79;851.27;253.25;2.92;2.93;2.4;53.38;52.91;74.85
2;Wred;2020-09-07;842.56;860.99;293.12;2.93;2.93;2.47;53.1;52.71;72.21
2;Wred;2020-09-08;853.8;867.74;375.14;2.93;2.94;2.57;52.86;52.57;67.74
2;Wred;2020-09-09;870.34;866.14;456.82;2.94;2.94;2.66;52.51;52.6;64.18
2;Wred;2020-09-10;856.42;850.26;525.03;2.93;2.93;2.72;52.8;52.94;61.66
3;Wfull_plus;2021-04-16;90.93;75.2;85.73;1.96;1.88;1.93;93.39;96.82;94.45
3;Wfull_plus;2021-04-17;95.82;78.29;86.71;1.98;1.89;1.94;92.44;96.1;94.25
3;Wfull_plus;2021-04-18;100.26;79.6;87.13;2;1.9;1.94;91.62;95.8;94.16
3;Wfull_plus;2021-04-19;101.28;81.05;87.8;2.01;1.91;1.94;91.44;95.47;94.02
3;Wfull_plus;2021-04-20;98.22;80.32;88.17;1.99;1.9;1.95;91.99;95.63;93.94
3;Wfull_plus;2021-04-21;91.36;79.54;88.12;1.96;1.9;1.95;93.3;95.81;93.96
3;Wfull_plus;2021-04-22;87;80.63;88.66;1.94;1.91;1.95;94.19;95.56;93.84
3;Wfull_plus;2021-04-23;86.07;76.6;88.93;1.93;1.88;1.95;94.38;96.49;93.79
3;Wfull_plus;2021-04-24;84.59;78.64;89.28;1.93;1.9;1.95;94.7;96.01;93.72
3;Wfull_plus;2021-04-25;82.79;78.97;89.64;1.92;1.9;1.95;95.08;95.94;93.65
3;Wfull_plus;2021-04-26;85.06;78.92;89.32;1.93;1.9;1.95;94.59;95.95;93.71
3;Wfull_plus;2021-04-27;82.19;79.61;90.39;1.91;1.9;1.96;95.22;95.79;93.49
3;Wfull_plus;2021-04-28;19.77;73.89;91.13;1.3;1.87;1.96;121;97.14;93.35
3;Wfull_plus;2021-04-29;15.11;40.31;91.53;1.18;1.61;1.96;125.86;108.11;93.27
3;Wfull_plus;2021-04-30;27.04;26.6;89.56;1.43;1.42;1.95;115.33;115.63;93.66
3;Wfull_plus;2021-05-01;34.75;30.29;84.93;1.54;1.48;1.93;110.79;113.28;94.62
3;Wfull_plus;2021-05-02;41.53;34.17;81.32;1.62;1.53;1.91;107.57;111.1;95.41
3;Wfull_plus;2021-05-03;47.01;37.06;78.45;1.67;1.57;1.89;105.33;109.63;96.06
3;Wfull_plus;2021-05-04;52.45;39.72;76.36;1.72;1.6;1.88;103.34;108.37;96.55
3;Wfull_plus;2021-05-05;49.24;43.47;75.58;1.69;1.64;1.88;104.49;106.74;96.73
3;Wfull_plus;2021-05-06;48.91;45.16;74.94;1.69;1.65;1.87;104.61;106.05;96.89
3;Wfull_plus;2021-05-07;41.55;46.78;74.86;1.62;1.67;1.87;107.56;105.41;96.91
3;Wfull_plus;2021-05-08;50.62;46.91;74.56;1.7;1.67;1.87;103.99;105.36;96.98
3;Wfull_plus;2021-05-09;62.56;47.71;74.09;1.8;1.68;1.87;100.15;105.06;97.09
3;Wfull_plus;2021-05-10;86.64;51.67;73.92;1.94;1.71;1.87;94.26;103.62;97.13
3;Wfull_plus;2021-05-11;68.32;56.2;74.03;1.83;1.75;1.87;98.56;102.09;97.11
3;Wfull_plus;2021-05-12;42.18;58.03;74.75;1.63;1.76;1.87;107.29;101.51;96.93
3;Wfull_plus;2021-05-13;63.68;60.01;75.12;1.8;1.78;1.88;99.83;100.91;96.84
3;Wfull_plus;2021-05-14;102.22;66.08;76.01;2.01;1.82;1.88;91.27;99.16;96.63
3;Wfull_plus;2021-05-15;160.17;75.65;76.91;2.2;1.88;1.89;83.14;96.72;96.42
3;Wfull_plus;2021-05-16;20.76;81.81;78.32;1.32;1.91;1.89;120.12;95.3;96.09
3;Wfull_plus;2021-05-17;15.06;53.14;79.89;1.18;1.73;1.9;125.92;103.11;95.73
3;Wfull_plus;2021-05-18;20.81;27.06;79.84;1.32;1.43;1.9;120.07;115.32;95.74
3;Wfull_plus;2021-05-19;33.31;32.76;77.15;1.52;1.52;1.89;111.56;111.86;96.36
3;Wfull_plus;2021-05-20;49.38;42.47;74.46;1.69;1.63;1.87;104.44;107.16;97
3;Wfull_plus;2021-05-21;93.93;53.87;72.62;1.97;1.73;1.86;92.8;102.86;97.46
3;Wfull_plus;2021-05-22;174.67;71.84;72.82;2.24;1.86;1.86;81.57;97.65;97.41
3;Wfull_plus;2021-05-23;310.62;98.08;73.91;2.49;1.99;1.87;71.16;92.02;97.14
3;Wfull_plus;2021-05-24;452.47;128.36;75.63;2.66;2.11;1.88;64.35;87.15;96.72
3;Wfull_plus;2021-05-25;525.61;146.55;77.99;2.72;2.17;1.89;61.64;84.75;96.17
3;Wfull_plus;2021-05-26;24.53;105.42;79.57;1.39;2.02;1.9;117.1;90.71;95.8
3;Wfull;2021-04-16;88.84;75.27;84.95;1.95;1.88;1.93;93.81;96.81;94.62
3;Wfull;2021-04-17;94.4;78.45;85.88;1.97;1.89;1.93;92.71;96.06;94.42
3;Wfull;2021-04-18;98.53;79.6;86.41;1.99;1.9;1.94;91.93;95.8;94.31
3;Wfull;2021-04-19;99.93;80.98;86.98;2;1.91;1.94;91.68;95.48;94.19
3;Wfull;2021-04-20;97.78;80.45;87.18;1.99;1.91;1.94;92.07;95.6;94.15
3;Wfull;2021-04-21;92.26;79.49;87.26;1.97;1.9;1.94;93.12;95.82;94.13
3;Wfull;2021-04-22;88.44;80.34;87.78;1.95;1.9;1.94;93.89;95.63;94.03
3;Wfull;2021-04-23;87.61;79.38;87.86;1.94;1.9;1.94;94.06;95.85;94.01
3;Wfull;2021-04-24;86.04;78.95;88.05;1.93;1.9;1.94;94.39;95.94;93.97
3;Wfull;2021-04-25;84.28;79.03;88.38;1.93;1.9;1.95;94.76;95.93;93.9
3;Wfull;2021-04-26;85.82;78.73;88.79;1.93;1.9;1.95;94.43;95.99;93.82
3;Wfull;2021-04-27;86.42;79.39;89.24;1.94;1.9;1.95;94.31;95.84;93.73
3;Wfull;2021-04-28;83.82;79.68;89.74;1.92;1.9;1.95;94.86;95.78;93.63
3;Wfull;2021-04-29;65.41;80.15;90.39;1.82;1.9;1.96;99.35;95.67;93.49
3;Wfull;2021-04-30;55.2;78.65;91.08;1.74;1.9;1.96;102.42;96.01;93.36
3;Wfull;2021-05-01;60.07;74.99;90.96;1.78;1.88;1.96;100.89;96.87;93.38
3;Wfull;2021-05-02;65.73;74.14;91.87;1.82;1.87;1.96;99.26;97.08;93.2
3;Wfull;2021-05-03;71.99;74.23;92.14;1.86;1.87;1.96;97.61;97.06;93.15
3;Wfull;2021-05-04;80.77;75.84;92.22;1.91;1.88;1.96;95.53;96.67;93.13
3;Wfull;2021-05-05;86.01;80.13;93.08;1.93;1.9;1.97;94.39;95.68;92.96
3;Wfull;2021-05-06;84.46;81.97;93.55;1.93;1.91;1.97;94.72;95.26;92.87
3;Wfull;2021-05-07;78.2;82.76;94.39;1.89;1.92;1.97;96.12;95.09;92.71
3;Wfull;2021-05-08;79.87;82.08;94.46;1.9;1.91;1.98;95.73;95.24;92.7
3;Wfull;2021-05-09;95.26;82.08;94.44;1.98;1.91;1.98;92.55;95.24;92.7
3;Wfull;2021-05-10;133.88;88.63;94.62;2.13;1.95;1.98;86.39;93.85;92.67
3;Wfull;2021-05-11;128.26;95.72;94.95;2.11;1.98;1.98;87.16;92.46;92.6
3;Wfull;2021-05-12;82.01;96.67;95.54;1.91;1.99;1.98;95.26;92.28;92.49
3;Wfull;2021-05-13;105.98;99.58;95.85;2.03;2;1.98;90.62;91.74;92.43
3;Wfull;2021-05-14;158.86;110.25;96.15;2.2;2.04;1.98;83.29;89.9;92.38
3;Wfull;2021-05-15;230.59;125.51;97.08;2.36;2.1;1.99;76.55;87.56;92.2
3;Wfull;2021-05-16;298.63;142.85;98.28;2.48;2.15;1.99;71.87;85.21;91.98
3;Wfull;2021-05-17;303.45;158.72;100.06;2.48;2.2;2;71.58;83.31;91.66
3;Wfull;2021-05-18;238.39;168.93;101.15;2.38;2.23;2;75.95;82.18;91.46
3;Wfull;2021-05-19;268.24;183.48;102.45;2.43;2.26;2.01;73.81;80.68;91.23
3;Wfull;2021-05-20;363.33;202.37;104.62;2.56;2.31;2.02;68.32;78.91;90.85
3;Wfull;2021-05-21;513.29;245.18;106.27;2.71;2.39;2.03;62.07;75.44;90.57
3;Wfull;2021-05-22;653.55;298.29;109.41;2.82;2.47;2.04;57.7;71.89;90.04
3;Wfull;2021-05-23;747.5;367.85;112.87;2.87;2.57;2.05;55.27;68.1;89.48
3;Wfull;2021-05-24;808.73;446.17;116.91;2.91;2.65;2.07;53.84;64.6;88.84
3;Wfull;2021-05-25;845.09;502.26;121.89;2.93;2.7;2.09;53.05;62.46;88.08
3;Wfull;2021-05-26;854.08;513.6;125.35;2.93;2.71;2.1;52.85;62.06;87.58
3;Wred;2021-04-16;92.16;74.73;80.2;1.96;1.87;1.9;93.14;96.94;95.66
3;Wred;2021-04-17;97;76.63;81.07;1.99;1.88;1.91;92.22;96.48;95.46
3;Wred;2021-04-18;101.63;77.75;81.46;2.01;1.89;1.91;91.37;96.22;95.38
3;Wred;2021-04-19;102.5;79;82.19;2.01;1.9;1.91;91.22;95.93;95.22
3;Wred;2021-04-20;99.44;78.86;82.58;2;1.9;1.92;91.77;95.96;95.13
3;Wred;2021-04-21;92.11;78.1;82.78;1.96;1.89;1.92;93.15;96.14;95.09
3;Wred;2021-04-22;87.55;78.9;83.32;1.94;1.9;1.92;94.07;95.96;94.97
3;Wred;2021-04-23;87.47;78.34;83.62;1.94;1.89;1.92;94.09;96.08;94.9
3;Wred;2021-04-24;86.39;78.13;83.93;1.94;1.89;1.92;94.31;96.13;94.84
3;Wred;2021-04-25;84.29;78.17;84.07;1.93;1.89;1.92;94.76;96.12;94.81
3;Wred;2021-04-26;87.23;77.35;84.82;1.94;1.89;1.93;94.14;96.31;94.65
3;Wred;2021-04-27;87.54;78.79;85.31;1.94;1.9;1.93;94.07;95.98;94.54
3;Wred;2021-04-28;84.61;79.54;86.05;1.93;1.9;1.93;94.69;95.81;94.39
3;Wred;2021-04-29;62.31;80.07;86.75;1.79;1.9;1.94;100.23;95.69;94.24
3;Wred;2021-04-30;54.09;77.89;87.7;1.73;1.89;1.94;102.79;96.19;94.04
3;Wred;2021-05-01;60.76;75.15;87.93;1.78;1.88;1.94;100.68;96.84;93.99
3;Wred;2021-05-02;67.39;74.55;88.53;1.83;1.87;1.95;98.81;96.98;93.87
3;Wred;2021-05-03;74.2;75.16;88.81;1.87;1.88;1.95;97.07;96.83;93.81
3;Wred;2021-05-04;84.43;77.17;89;1.93;1.89;1.95;94.73;96.36;93.78
3;Wred;2021-05-05;89.82;80.99;89.93;1.95;1.91;1.95;93.61;95.48;93.59
3;Wred;2021-05-06;87.79;82.91;90.45;1.94;1.92;1.96;94.02;95.06;93.48
3;Wred;2021-05-07;79.64;84.37;91.44;1.9;1.93;1.96;95.79;94.74;93.29
3;Wred;2021-05-08;81.91;84.06;91.5;1.91;1.92;1.96;95.28;94.81;93.27
3;Wred;2021-05-09;99.65;85.16;91.69;2;1.93;1.96;91.73;94.57;93.24
3;Wred;2021-05-10;144.75;90.95;91.77;2.16;1.96;1.96;84.97;93.38;93.22
3;Wred;2021-05-11;133.29;97;92.44;2.12;1.99;1.97;86.47;92.22;93.09
3;Wred;2021-05-12;79.81;99.23;93.21;1.9;2;1.97;95.75;91.81;92.94
3;Wred;2021-05-13;108.88;102.92;93.52;2.04;2.01;1.97;90.13;91.15;92.88
3;Wred;2021-05-14;175.22;113.26;94.19;2.24;2.05;1.97;81.52;89.41;92.75
3;Wred;2021-05-15;261.48;127.71;95.31;2.42;2.11;1.98;74.27;87.24;92.54
3;Wred;2021-05-16;338.18;145.13;96.7;2.53;2.16;1.99;69.62;84.93;92.27
3;Wred;2021-05-17;326.91;160.41;98.51;2.51;2.21;1.99;70.23;83.12;91.94
3;Wred;2021-05-18;253.77;171.41;99.88;2.4;2.23;2;74.81;81.92;91.69
3;Wred;2021-05-19;287.13;186.12;101.38;2.46;2.27;2.01;72.58;80.43;91.42
3;Wred;2021-05-20;392.61;208.83;103.46;2.59;2.32;2.01;66.92;78.34;91.05
3;Wred;2021-05-21;548.28;248.2;105.41;2.74;2.39;2.02;60.87;75.22;90.71
3;Wred;2021-05-22;683.78;297.35;108.73;2.83;2.47;2.04;56.88;71.95;90.15
3;Wred;2021-05-23;773.17;366.74;112.5;2.89;2.56;2.05;54.66;68.15;89.54
3;Wred;2021-05-24;826.03;446.75;116.88;2.92;2.65;2.07;53.46;64.58;88.84
3;Wred;2021-05-25;858.45;499.53;122.05;2.93;2.7;2.09;52.76;62.56;88.06
3;Wred;2021-05-26;866.83;509.78;125.98;2.94;2.71;2.1;52.59;62.19;87.49
4;Wfull_plus;2021-06-15;198.99;223.85;144.87;2.3;2.35;2.16;79.22;77.09;84.96
4;Wfull_plus;2021-06-16;145.95;227.89;147.61;2.16;2.36;2.17;84.82;76.76;84.62
4;Wfull_plus;2021-06-17;134.6;216.55;152.03;2.13;2.34;2.18;86.29;77.69;84.09
4;Wfull_plus;2021-06-18;60.74;208.52;147.31;1.78;2.32;2.17;100.69;78.37;84.66
4;Wfull_plus;2021-06-19;84.86;199.72;139.62;1.93;2.3;2.14;94.64;79.15;85.63
4;Wfull_plus;2021-06-20;71.26;195.94;140.61;1.85;2.29;2.15;97.8;79.49;85.5
4;Wfull_plus;2021-06-21;55.31;188.2;135.74;1.74;2.27;2.13;102.38;80.22;86.14
4;Wfull_plus;2021-06-22;22.64;161.04;134.1;1.35;2.21;2.13;118.55;83.04;86.36
4;Wfull_plus;2021-06-23;28.71;99.22;131.93;1.46;2;2.12;114.25;91.81;86.65
4;Wfull_plus;2021-06-24;23.14;61.58;133.66;1.36;1.79;2.13;118.15;100.44;86.42
4;Wfull_plus;2021-06-25;24.67;15.79;95.2;1.39;1.2;1.98;116.99;125.07;92.56
4;Wfull_plus;2021-06-26;39.91;27.85;80.02;1.6;1.44;1.9;108.29;114.8;95.7
4;Wfull_plus;2021-06-27;51.16;35.7;71.12;1.71;1.55;1.85;103.79;110.31;97.83
4;Wfull_plus;2021-06-28;59.1;41.86;67.06;1.77;1.62;1.83;101.18;107.43;98.9
4;Wfull_plus;2021-06-29;61.86;47.68;65.72;1.79;1.68;1.82;100.36;105.07;99.26
4;Wfull_plus;2021-06-30;39.94;49.73;62.65;1.6;1.7;1.8;108.27;104.31;100.13
4;Wfull_plus;2021-07-01;34.89;49.06;61.51;1.54;1.69;1.79;110.72;104.55;100.46
4;Wfull_plus;2021-07-02;49.66;50.18;60.51;1.7;1.7;1.78;104.33;104.14;100.76
4;Wfull_plus;2021-07-03;61.03;52.68;67.31;1.79;1.72;1.83;100.6;103.26;98.83
4;Wfull_plus;2021-07-04;24.98;34.51;48.63;1.4;1.54;1.69;116.77;110.92;104.71
4;Wfull_plus;2021-07-05;22.05;14.7;24.15;1.34;1.17;1.38;119.02;126.36;117.38
4;Wfull_plus;2021-07-06;19.9;12.48;23.98;1.3;1.1;1.38;120.88;129.32;117.51
4;Wfull_plus;2021-07-07;30.34;19.43;25.96;1.48;1.29;1.41;113.25;121.31;116.07
4;Wfull_plus;2021-07-08;44.48;29.03;32.97;1.65;1.46;1.52;106.33;114.05;111.75
4;Wfull_plus;2021-07-09;55.62;35.14;37.71;1.75;1.55;1.58;102.28;110.59;109.31
4;Wfull_plus;2021-07-10;72.3;41.22;42.26;1.86;1.62;1.63;97.54;107.7;107.25
4;Wfull_plus;2021-07-11;78.37;47.21;45.18;1.89;1.67;1.65;96.08;105.25;106.04
4;Wfull_plus;2021-07-12;100.03;52.01;47.71;2;1.72;1.68;91.66;103.5;105.06
4;Wfull_plus;2021-07-13;70;57.89;50.9;1.85;1.76;1.71;98.12;101.56;103.89
4;Wfull_plus;2021-07-14;17.43;43.43;53.41;1.24;1.64;1.73;123.28;106.76;103.02
4;Wfull_plus;2021-07-15;19.92;21.35;51.06;1.3;1.33;1.71;120.86;119.61;103.83
4;Wfull_plus;2021-07-16;25.55;27.21;46.11;1.41;1.43;1.66;116.36;115.22;105.68
4;Wfull_plus;2021-07-17;42.65;35.49;45.99;1.63;1.55;1.66;107.09;110.41;105.72
4;Wfull_plus;2021-07-18;90.13;52.26;48.93;1.95;1.72;1.69;93.55;103.41;104.6
4;Wfull_plus;2021-07-19;212.04;78.58;53.79;2.33;1.9;1.73;78.07;96.03;102.89
4;Wfull_plus;2021-07-20;395.71;109.36;58.96;2.6;2.04;1.77;66.78;90.05;101.23
4;Wfull_plus;2021-07-21;40.33;46.3;61.11;1.61;1.67;1.79;108.1;105.6;100.58
4;Wfull_plus;2021-07-22;56.1;59.96;62.18;1.75;1.78;1.79;102.13;100.92;100.26
4;Wfull_plus;2021-07-23;122.89;95.89;66.31;2.09;1.98;1.82;87.94;92.43;99.1
4;Wfull_plus;2021-07-24;191.43;122.2;71.16;2.28;2.09;1.85;79.92;88.04;97.82
4;Wfull_plus;2021-07-25;17.71;18.88;22.94;1.25;1.28;1.36;122.99;121.83;118.31
4;Wfull_plus;2021-07-26;29.4;32.08;34.9;1.47;1.51;1.54;113.82;112.24;110.72
4;Wfull_plus;2021-07-27;51.72;53.43;43.61;1.71;1.73;1.64;103.6;103.01;106.68
4;Wfull_plus;2021-07-28;62.44;62.86;48.34;1.8;1.8;1.68;100.19;100.07;104.82
4;Wfull;2021-06-15;180.2;216.47;157.7;2.26;2.34;2.2;81.01;77.69;83.42
4;Wfull;2021-06-16;122.81;224.89;168.92;2.09;2.35;2.23;87.95;77;82.18
4;Wfull;2021-06-17;121.44;218.7;173.34;2.08;2.34;2.24;88.15;77.51;81.71
4;Wfull;2021-06-18;52.76;210.57;175.06;1.72;2.32;2.24;103.24;78.19;81.53
4;Wfull;2021-06-19;80.92;198.83;176.49;1.91;2.3;2.25;95.5;79.23;81.39
4;Wfull;2021-06-20;64.63;194.38;177.24;1.81;2.29;2.25;99.57;79.64;81.31
4;Wfull;2021-06-21;50.37;183.79;179.77;1.7;2.26;2.25;104.08;80.65;81.05
4;Wfull;2021-06-22;22.27;143.47;180.83;1.35;2.16;2.26;118.84;85.13;80.95
4;Wfull;2021-06-23;31.17;63.98;180.39;1.49;1.81;2.26;112.76;99.75;80.99
4;Wfull;2021-06-24;24.73;41.9;170.71;1.39;1.62;2.23;116.95;107.41;81.99
4;Wfull;2021-06-25;28.14;16.29;83.45;1.45;1.21;1.92;114.61;124.5;94.94
4;Wfull;2021-06-26;44.25;28.84;60.95;1.65;1.46;1.78;106.42;114.17;100.63
4;Wfull;2021-06-27;57.14;36.54;58.83;1.76;1.56;1.77;101.79;109.88;101.27
4;Wfull;2021-06-28;65.36;41.28;59.14;1.82;1.62;1.77;99.36;107.68;101.17
4;Wfull;2021-06-29;65.24;46.16;60.69;1.81;1.66;1.78;99.4;105.66;100.7
4;Wfull;2021-06-30;38.96;47.42;62.59;1.59;1.68;1.8;108.72;105.17;100.15
4;Wfull;2021-07-01;35.46;45.66;63.68;1.55;1.66;1.8;110.43;105.85;99.83
4;Wfull;2021-07-02;53.29;46.63;64.32;1.73;1.67;1.81;103.06;105.47;99.65
4;Wfull;2021-07-03;67.84;49.66;65.09;1.83;1.7;1.81;98.69;104.33;99.44
4;Wfull;2021-07-04;51.93;38.84;63.1;1.72;1.59;1.8;103.52;108.78;100
4;Wfull;2021-07-05;21.39;15;40.26;1.33;1.18;1.6;119.57;126;108.13
4;Wfull;2021-07-06;19.82;13.09;28.08;1.3;1.12;1.45;120.95;128.46;114.65
4;Wfull;2021-07-07;32.54;21.94;26.52;1.51;1.34;1.42;111.98;119.12;115.68
4;Wfull;2021-07-08;48.31;31.86;32.39;1.68;1.5;1.51;104.83;112.36;112.07
4;Wfull;2021-07-09;60.3;37.56;36.75;1.78;1.57;1.57;100.82;109.39;109.78
4;Wfull;2021-07-10;76.96;42.37;40.52;1.89;1.63;1.61;96.41;107.21;108.01
4;Wfull;2021-07-11;73.4;46.73;43.18;1.87;1.67;1.64;97.26;105.43;106.86
4;Wfull;2021-07-12;96.76;50.06;45.37;1.99;1.7;1.66;92.26;104.19;105.97
4;Wfull;2021-07-13;64.67;54.23;48.41;1.81;1.73;1.68;99.55;102.74;104.79
4;Wfull;2021-07-14;18.94;35.52;49.88;1.28;1.55;1.7;121.78;110.4;104.25
4;Wfull;2021-07-15;22.19;18.09;43.49;1.35;1.26;1.64;118.91;122.61;106.73
4;Wfull;2021-07-16;28.26;25.66;38.68;1.45;1.41;1.59;114.53;116.28;108.85
4;Wfull;2021-07-17;44.73;32.35;39.23;1.65;1.51;1.59;106.23;112.09;108.6
4;Wfull;2021-07-18;82.2;41.83;42.53;1.91;1.62;1.63;95.21;107.44;107.14
4;Wfull;2021-07-19;191.66;54.23;46.54;2.28;1.73;1.67;79.89;102.74;105.51
4;Wfull;2021-07-20;372.35;68.9;50.41;2.57;1.84;1.7;67.88;98.41;104.06
4;Wfull;2021-07-21;558.73;88.78;54.38;2.75;1.95;1.74;60.53;93.82;102.69
4;Wfull;2021-07-22;722.43;120.63;58.48;2.86;2.08;1.77;55.88;88.27;101.37
4;Wfull;2021-07-23;142.53;100.48;62.67;2.15;2;1.8;85.25;91.58;100.12
4;Wfull;2021-07-24;47.68;97.07;66.17;1.68;1.99;1.82;105.07;92.2;99.14
4;Wfull;2021-07-25;48.3;108.67;69.72;1.68;2.04;1.84;104.84;90.16;98.19
4;Wfull;2021-07-26;57.49;135.24;74.77;1.76;2.13;1.87;101.68;86.2;96.93
4;Wfull;2021-07-27;108.85;169.11;79.52;2.04;2.23;1.9;90.13;82.16;95.81
4;Wfull;2021-07-28;138.47;187.3;83.01;2.14;2.27;1.92;85.78;80.31;95.04
4;Wred;2021-06-15;213.14;211.51;162.86;2.33;2.33;2.21;77.97;78.11;82.84
4;Wred;2021-06-16;138.94;217.4;174.14;2.14;2.34;2.24;85.72;77.61;81.63
4;Wred;2021-06-17;133.24;210.14;179.17;2.12;2.32;2.25;86.47;78.23;81.11
4;Wred;2021-06-18;55.89;201.68;180.65;1.75;2.3;2.26;102.19;78.97;80.97
4;Wred;2021-06-19;84.88;189.36;181.5;1.93;2.28;2.26;94.63;80.11;80.88
4;Wred;2021-06-20;68.7;185.15;182.21;1.84;2.27;2.26;98.46;80.52;80.81
4;Wred;2021-06-21;52.66;176.28;184.55;1.72;2.25;2.27;103.27;81.41;80.58
4;Wred;2021-06-22;22.1;132.78;186.02;1.34;2.12;2.27;118.98;86.54;80.44
4;Wred;2021-06-23;30.31;58.28;185.72;1.48;1.77;2.27;113.27;101.44;80.46
4;Wred;2021-06-24;24.2;39.47;173.26;1.38;1.6;2.24;117.34;108.49;81.72
4;Wred;2021-06-25;27.16;15.86;80.13;1.43;1.2;1.9;115.25;124.99;95.68
4;Wred;2021-06-26;43.71;27.38;65.72;1.64;1.44;1.82;106.64;115.11;99.26
4;Wred;2021-06-27;57.4;34.71;68.11;1.76;1.54;1.83;101.71;110.81;98.62
4;Wred;2021-06-28;64.61;39.53;70.48;1.81;1.6;1.85;99.57;108.46;98
4;Wred;2021-06-29;64.68;45.22;72.25;1.81;1.66;1.86;99.55;106.03;97.55
4;Wred;2021-06-30;38.56;47.07;74.9;1.59;1.67;1.87;108.91;105.3;96.9
4;Wred;2021-07-01;34.69;44.93;76.91;1.54;1.65;1.89;110.82;106.14;96.42
4;Wred;2021-07-02;52.54;45.91;77.41;1.72;1.66;1.89;103.31;105.75;96.3
4;Wred;2021-07-03;65.7;48.95;77.34;1.82;1.69;1.89;99.27;104.59;96.32
4;Wred;2021-07-04;49.71;37.7;73.92;1.7;1.58;1.87;104.31;109.32;97.13
4;Wred;2021-07-05;20.03;13.14;48.33;1.3;1.12;1.68;120.76;128.39;104.82
4;Wred;2021-07-06;18.44;11.53;29.88;1.27;1.06;1.48;122.26;130.76;113.53
4;Wred;2021-07-07;31.06;19.73;25.86;1.49;1.3;1.41;112.82;121.04;116.14
4;Wred;2021-07-08;46.92;29.56;33.08;1.67;1.47;1.52;105.36;113.72;111.68
4;Wred;2021-07-09;57.44;35.04;38.46;1.76;1.54;1.59;101.7;110.64;108.96
4;Wred;2021-07-10;69.81;40.17;42.71;1.84;1.6;1.63;98.17;108.17;107.06
4;Wred;2021-07-11;60.74;44.26;46.02;1.78;1.65;1.66;100.69;106.42;105.71
4;Wred;2021-07-12;79.97;47.17;48.9;1.9;1.67;1.69;95.71;105.26;104.61
4;Wred;2021-07-13;53.51;50.44;51.87;1.73;1.7;1.71;102.98;104.05;103.55
4;Wred;2021-07-14;18.02;27.5;52.02;1.26;1.44;1.72;122.68;115.03;103.49
4;Wred;2021-07-15;21.38;14.07;44.03;1.33;1.15;1.64;119.58;127.15;106.51
4;Wred;2021-07-16;27.21;21.86;38.03;1.43;1.34;1.58;115.22;119.18;109.16
4;Wred;2021-07-17;43.64;28.81;39.21;1.64;1.46;1.59;106.67;114.19;108.61
4;Wred;2021-07-18;85.82;39.46;43.06;1.93;1.6;1.63;94.43;108.49;106.91
4;Wred;2021-07-19;217.5;53.35;47.58;2.34;1.73;1.68;77.61;103.04;105.11
4;Wred;2021-07-20;386.21;71.81;52.39;2.59;1.86;1.72;67.22;97.66;103.36
4;Wred;2021-07-21;567.79;101.58;57.27;2.75;2.01;1.76;60.24;91.38;101.75
4;Wred;2021-07-22;719.75;160.96;61.05;2.86;2.21;1.79;55.95;83.05;100.6
4;Wred;2021-07-23;813.57;263.47;66.21;2.91;2.42;1.82;53.73;74.14;99.13
4;Wred;2021-07-24;860.64;368.29;72.78;2.93;2.57;1.86;52.72;68.08;97.42
4;Wred;2021-07-25;860.97;443.33;79.97;2.93;2.65;1.9;52.71;64.72;95.71
4;Wred;2021-07-26;877.37;529.13;89.08;2.94;2.72;1.95;52.37;61.52;93.76
4;Wred;2021-07-27;891.22;608.81;98.89;2.95;2.78;2;52.08;58.98;91.87
4;Wred;2021-07-28;902.03;662.28;106.5;2.96;2.82;2.03;51.87;57.46;90.53
5;Wfull_plus;2021-07-30;60.24;66.58;69.75;1.78;1.82;1.84;100.84;99.03;98.19
5;Wfull_plus;2021-07-31;57.59;68.57;71.78;1.76;1.84;1.86;101.65;98.49;97.67
5;Wfull_plus;2021-08-01;61.35;68.27;72.99;1.79;1.83;1.86;100.51;98.57;97.36
5;Wfull_plus;2021-08-02;57.85;69.06;73.53;1.76;1.84;1.87;101.57;98.37;97.23
5;Wfull_plus;2021-08-03;52.56;68.61;74.14;1.72;1.84;1.87;103.31;98.48;97.08
5;Wfull_plus;2021-08-04;37.86;67.05;75.15;1.58;1.83;1.88;109.24;98.9;96.84
5;Wfull_plus;2021-08-05;44.26;63.03;75.64;1.65;1.8;1.88;106.42;100.02;96.72
5;Wfull_plus;2021-08-06;47.03;62.62;76.26;1.67;1.8;1.88;105.32;100.14;96.57
5;Wfull_plus;2021-08-07;51.5;62.74;76.76;1.71;1.8;1.89;103.67;100.1;96.45
5;Wfull_plus;2021-08-08;58.96;64.62;77.54;1.77;1.81;1.89;101.23;99.57;96.27
5;Wfull_plus;2021-08-09;64.75;65.99;77.45;1.81;1.82;1.89;99.53;99.19;96.29
5;Wfull_plus;2021-08-10;74.64;68.16;77.39;1.87;1.83;1.89;96.96;98.6;96.3
5;Wfull_plus;2021-08-11;96.1;71.26;78.07;1.98;1.85;1.89;92.39;97.8;96.15
5;Wfull_plus;2021-08-12;56.94;73.29;78.46;1.76;1.87;1.89;101.86;97.29;96.06
5;Wfull_plus;2021-08-13;65;72.3;79.45;1.81;1.86;1.9;99.46;97.54;95.83
5;Wfull_plus;2021-08-14;114.67;74.51;79.12;2.06;1.87;1.9;89.19;96.99;95.9
5;Wfull_plus;2021-08-15;148.78;81.21;80.14;2.17;1.91;1.9;84.48;95.43;95.67
5;Wfull_plus;2021-08-16;213.86;89.97;81.16;2.33;1.95;1.91;77.91;93.58;95.44
5;Wfull_plus;2021-08-17;296.06;98.5;81.69;2.47;1.99;1.91;72.03;91.94;95.33
5;Wfull_plus;2021-08-18;303.6;107.51;83.07;2.48;2.03;1.92;71.57;90.36;95.02
5;Wfull_plus;2021-08-19;358.3;118.52;84.9;2.55;2.07;1.93;68.57;88.59;94.63
5;Wfull_plus;2021-08-20;470.85;133.01;86.32;2.67;2.12;1.94;63.63;86.5;94.33
5;Wfull_plus;2021-08-21;612.86;156.25;88.1;2.79;2.19;1.94;58.86;83.59;93.96
5;Wfull_plus;2021-08-22;155.94;162.05;90.17;2.19;2.21;1.96;83.63;82.93;93.54
5;Wfull_plus;2021-08-23;25.29;102.56;90.65;1.4;2.01;1.96;116.54;91.21;93.44
5;Wfull_plus;2021-08-24;36.89;99.36;88.1;1.57;2;1.94;109.71;91.78;93.96
5;Wfull_plus;2021-08-25;39.7;108.52;85.93;1.6;2.04;1.93;108.38;90.19;94.41
5;Wfull_plus;2021-08-26;65.54;132.92;87.29;1.82;2.12;1.94;99.31;86.52;94.13
5;Wfull_plus;2021-08-27;93.62;156.99;89.92;1.97;2.2;1.95;92.86;83.51;93.59
5;Wfull_plus;2021-08-28;111.08;169.2;93.71;2.05;2.23;1.97;89.77;82.15;92.84
5;Wfull_plus;2021-08-29;123.61;177.59;97.54;2.09;2.25;1.99;87.83;81.27;92.12
5;Wfull_plus;2021-08-30;153.41;206.95;102.09;2.19;2.32;2.01;83.92;78.51;91.29
5;Wfull_plus;2021-08-31;223.66;259.8;108.27;2.35;2.41;2.03;77.1;74.39;90.23
5;Wfull_plus;2021-09-01;100.19;228.65;116.24;2;2.36;2.07;91.63;76.7;88.94
5;Wfull_plus;2021-09-02;71.52;228.22;124.68;1.85;2.36;2.1;97.73;76.74;87.68
5;Wfull_plus;2021-09-03;110.58;259.12;135.3;2.04;2.41;2.13;89.85;74.44;86.2
5;Wfull_plus;2021-09-04;170.73;297.09;150.09;2.23;2.47;2.18;81.99;71.96;84.32
5;Wfull_plus;2021-09-05;260.12;343.13;170.58;2.42;2.54;2.23;74.37;69.36;82
5;Wfull_plus;2021-09-06;388.87;398.37;198.96;2.59;2.6;2.3;67.09;66.65;79.22
5;Wfull_plus;2021-09-07;239.75;338.32;228.83;2.38;2.53;2.36;75.84;69.61;76.69
5;Wfull_plus;2021-09-08;190.75;305.16;259.64;2.28;2.48;2.41;79.98;71.48;74.4
5;Wfull_plus;2021-09-09;197.79;323.85;292.78;2.3;2.51;2.47;79.32;70.4;72.23
5;Wfull_plus;2021-09-10;194.07;338.49;317.06;2.29;2.53;2.5;79.67;69.6;70.79
5;Wfull_plus;2021-09-11;70.81;336.04;329.52;1.85;2.53;2.52;97.91;69.73;70.09
5;Wfull_plus;2021-09-12;51.52;335.19;345.66;1.71;2.53;2.54;103.67;69.78;69.22
5;Wfull_plus;2021-09-13;60.57;337.26;357.25;1.78;2.53;2.55;100.74;69.67;68.63
5;Wfull;2021-07-30;64.67;65.41;69.92;1.81;1.82;1.84;99.55;99.35;98.14
5;Wfull;2021-07-31;60.79;66.84;71.84;1.78;1.83;1.86;100.67;98.96;97.65
5;Wfull;2021-08-01;66.58;66;72.48;1.82;1.82;1.86;99.03;99.19;97.49
5;Wfull;2021-08-02;62.07;66.59;73.53;1.79;1.82;1.87;100.3;99.02;97.23
5;Wfull;2021-08-03;56.5;65.77;73.73;1.75;1.82;1.87;102;99.25;97.18
5;Wfull;2021-08-04;41.38;62.71;74.29;1.62;1.8;1.87;107.63;100.11;97.04
5;Wfull;2021-08-05;50.83;57.71;73.55;1.71;1.76;1.87;103.91;101.61;97.23
5;Wfull;2021-08-06;53.78;58.59;73.65;1.73;1.77;1.87;102.89;101.34;97.2
5;Wfull;2021-08-07;58.72;59.74;74.07;1.77;1.78;1.87;101.3;100.99;97.1
5;Wfull;2021-08-08;66.29;62.33;75.48;1.82;1.79;1.88;99.11;100.22;96.76
5;Wfull;2021-08-09;72.88;64.62;75.53;1.86;1.81;1.88;97.39;99.57;96.75
5;Wfull;2021-08-10;84.33;67.58;75.6;1.93;1.83;1.88;94.75;98.76;96.73
5;Wfull;2021-08-11;109.34;72.6;76.27;2.04;1.86;1.88;90.05;97.46;96.57
5;Wfull;2021-08-12;155.16;79.03;76.34;2.19;1.9;1.88;83.72;95.93;96.55
5;Wfull;2021-08-13;236.25;88.29;77.71;2.37;1.95;1.89;76.11;93.92;96.23
5;Wfull;2021-08-14;363.37;99.8;78.65;2.56;2;1.9;68.32;91.7;96.01
5;Wfull;2021-08-15;471.03;115.43;80.9;2.67;2.06;1.91;63.62;89.07;95.5
5;Wfull;2021-08-16;569.52;131.6;84.05;2.76;2.12;1.92;60.19;86.7;94.81
5;Wfull;2021-08-17;639.41;147;86.78;2.81;2.17;1.94;58.09;84.7;94.23
5;Wfull;2021-08-18;662.24;164.93;89.8;2.82;2.22;1.95;57.46;82.61;93.61
5;Wfull;2021-08-19;678.58;184.71;92.95;2.83;2.27;1.97;57.02;80.56;92.99
5;Wfull;2021-08-20;727.32;205.86;96.35;2.86;2.31;1.98;55.76;78.6;92.34
5;Wfull;2021-08-21;780.34;236.8;98.96;2.89;2.37;2;54.49;76.07;91.86
5;Wfull;2021-08-22;827.85;278.68;102.66;2.92;2.45;2.01;53.42;73.12;91.19
5;Wfull;2021-08-23;846.43;318.26;107.19;2.93;2.5;2.03;53.02;70.72;90.41
5;Wfull;2021-08-24;851.22;366.23;111.47;2.93;2.56;2.05;52.91;68.18;89.7
5;Wfull;2021-08-25;859.89;413.14;116.32;2.93;2.62;2.07;52.73;66;88.93
5;Wfull;2021-08-26;852.99;473.94;123.83;2.93;2.68;2.09;52.88;63.51;87.8
5;Wfull;2021-08-27;854.49;524.2;132.74;2.93;2.72;2.12;52.85;61.69;86.54
5;Wfull;2021-08-28;832.03;556.19;141.82;2.92;2.75;2.15;53.33;60.62;85.34
5;Wfull;2021-08-29;850.16;582.36;149.79;2.93;2.77;2.18;52.94;59.78;84.35
5;Wfull;2021-08-30;843.05;611.57;160.78;2.93;2.79;2.21;53.09;58.9;83.07
5;Wfull;2021-08-31;874.98;663.27;179.47;2.94;2.82;2.25;52.42;57.43;81.08
5;Wfull;2021-09-01;889.13;702.45;201.51;2.95;2.85;2.3;52.13;56.39;78.99
5;Wfull;2021-09-02;874.81;718.44;223.71;2.94;2.86;2.35;52.42;55.98;77.1
5;Wfull;2021-09-03;851.62;727.36;249.31;2.93;2.86;2.4;52.91;55.76;75.14
5;Wfull;2021-09-04;834.78;738.32;281.92;2.92;2.87;2.45;53.27;55.49;72.91
5;Wfull;2021-09-05;838;755.56;320.01;2.92;2.88;2.51;53.2;55.07;70.62
5;Wfull;2021-09-06;856.24;774.38;361.45;2.93;2.89;2.56;52.81;54.63;68.41
5;Wfull;2021-09-07;842.8;791.35;402.73;2.93;2.9;2.61;53.09;54.23;66.46
5;Wfull;2021-09-08;761.53;791.76;435.09;2.88;2.9;2.64;54.93;54.23;65.06
5;Wfull;2021-09-09;611.98;791.7;470.3;2.79;2.9;2.67;58.89;54.23;63.65
5;Wfull;2021-09-10;437.38;794.17;503.29;2.64;2.9;2.7;64.96;54.17;62.42
5;Wfull;2021-09-11;221.98;793.37;520.35;2.35;2.9;2.72;77.24;54.19;61.82
5;Wfull;2021-09-12;129.83;790.51;521.38;2.11;2.9;2.72;86.94;54.25;61.79
5;Wfull;2021-09-13;131.99;793.42;531.55;2.12;2.9;2.73;86.64;54.19;61.44
5;Wred;2021-07-30;65.08;72.48;75.06;1.81;1.86;1.88;99.44;97.49;96.86
5;Wred;2021-07-31;61.22;73.48;75.98;1.79;1.87;1.88;100.55;97.24;96.64
5;Wred;2021-08-01;65.85;73.03;76.29;1.82;1.86;1.88;99.23;97.35;96.56
5;Wred;2021-08-02;61.32;73.67;76.99;1.79;1.87;1.89;100.52;97.2;96.4
5;Wred;2021-08-03;56.69;72.44;77.51;1.75;1.86;1.89;101.94;97.5;96.28
5;Wred;2021-08-04;42.04;69.92;78.4;1.62;1.84;1.89;107.35;98.14;96.07
5;Wred;2021-08-05;49.76;65.33;78.14;1.7;1.82;1.89;104.3;99.37;96.13
5;Wred;2021-08-06;52.03;65.83;77.89;1.72;1.82;1.89;103.49;99.23;96.19
5;Wred;2021-08-07;56.61;65.97;78.1;1.75;1.82;1.89;101.96;99.19;96.14
5;Wred;2021-08-08;64.3;68.35;78.59;1.81;1.83;1.9;99.66;98.55;96.03
5;Wred;2021-08-09;70.9;70.57;78.91;1.85;1.85;1.9;97.89;97.97;95.95
5;Wred;2021-08-10;81.55;72.85;79.52;1.91;1.86;1.9;95.36;97.4;95.81
5;Wred;2021-08-11;105.07;76.72;80.21;2.02;1.88;1.9;90.77;96.46;95.66
5;Wred;2021-08-12;151.35;82.58;80.59;2.18;1.92;1.91;84.17;95.13;95.57
5;Wred;2021-08-13;234.38;91.09;81.25;2.37;1.96;1.91;76.25;93.36;95.42
5;Wred;2021-08-14;365.22;101.32;82.23;2.56;2.01;1.92;68.23;91.43;95.21
5;Wred;2021-08-15;538.95;116.11;84.35;2.73;2.06;1.93;61.19;88.96;94.75
5;Wred;2021-08-16;703.7;135.23;86.04;2.85;2.13;1.93;56.36;86.21;94.39
5;Wred;2021-08-17;785.06;154.45;88.1;2.89;2.19;1.94;54.38;83.8;93.96
5;Wred;2021-08-18;822.51;175.56;90.85;2.92;2.24;1.96;53.54;81.48;93.4
5;Wred;2021-08-19;841.12;202;94.01;2.92;2.31;1.97;53.13;78.94;92.78
5;Wred;2021-08-20;860.89;233.31;96.61;2.93;2.37;1.99;52.71;76.34;92.29
5;Wred;2021-08-21;877.56;283.06;99.13;2.94;2.45;2;52.36;72.84;91.82
5;Wred;2021-08-22;892.84;340.03;102.99;2.95;2.53;2.01;52.05;69.52;91.13
5;Wred;2021-08-23;904.35;370.44;106.46;2.96;2.57;2.03;51.82;67.97;90.53
5;Wred;2021-08-24;910.8;404.34;111.18;2.96;2.61;2.05;51.69;66.39;89.75
5;Wred;2021-08-25;878.94;444.16;115.76;2.94;2.65;2.06;52.34;64.69;89.02
5;Wred;2021-08-26;853.12;494.81;122.3;2.93;2.69;2.09;52.87;62.73;88.02
5;Wred;2021-08-27;801.29;540.65;129.64;2.9;2.73;2.11;54.01;61.13;86.97
5;Wred;2021-08-28;831.78;569.41;138.25;2.92;2.76;2.14;53.33;60.19;85.81
5;Wred;2021-08-29;856.4;595.38;146.53;2.93;2.77;2.17;52.81;59.38;84.75
5;Wred;2021-08-30;868.37;627.86;157.91;2.94;2.8;2.2;52.55;58.42;83.4
5;Wred;2021-08-31;887.56;683.67;177.21;2.95;2.83;2.25;52.16;56.88;81.31
5;Wred;2021-09-01;900.09;731.34;205.56;2.95;2.86;2.31;51.9;55.66;78.63
5;Wred;2021-09-02;903.44;770.08;246.81;2.96;2.89;2.39;51.84;54.73;75.32
5;Wred;2021-09-03;887.28;797.41;302.87;2.95;2.9;2.48;52.16;54.1;71.61
5;Wred;2021-09-04;;821.9;377.01;;2.91;2.58;;53.55;67.65
5;Wred;2021-09-05;;841.85;459.54;;2.93;2.66;;53.12;64.07
5;Wred;2021-09-06;;847.46;530.92;;2.93;2.73;;53;61.46
5;Wred;2021-09-07;;863.13;581.92;;2.94;2.76;;52.66;59.8
5;Wred;2021-09-08;;865.73;612.74;;2.94;2.79;;52.61;58.86
5;Wred;2021-09-09;;866.6;642.12;;2.94;2.81;;52.59;58.02
5;Wred;2021-09-10;;872.26;668.74;;2.94;2.83;;52.47;57.28
5;Wred;2021-09-11;;878.77;686.24;;2.94;2.84;;52.34;56.81
5;Wred;2021-09-12;;883.16;703.45;;2.95;2.85;;52.25;56.37
5;Wred;2021-09-13;;886.78;719.89;;2.95;2.86;;52.17;55.95
