X,Y,H,Rho.1,Rho.2,Rho.3,Rho.4,Rho.5,Rho.6,Gamma,Feuchteind,Gamma_rho1
452746.60340,5472357.38476,68.00000,95,85,93,63,48,53,1.12000,85,0.01179
452745.18383,5472356.43894,68.00000,114,94,99,58,54,50,1.11000,103,0.00974
452743.82460,5472355.41317,68.00000,126,100,92,53,62,45,1.11000,114,0.00881
452742.48499,5472354.52769,68.00000,119,90,85,53,59,51,1.12000,106,0.00941
452740.96585,5472353.38124,68.00000,104,86,89,61,54,57,1.13000,92,0.01087
452739.76802,5472351.97530,68.00000,92,84,99,65,47,57,1.14000,81,0.01239
452738.83117,5472350.38984,68.10000,97,87,104,64,47,54,1.15000,84,0.01186
452738.67574,5472348.76665,68.10000,95,85,100,56,45,50,1.15000,82,0.01211
452738.76018,5472347.32447,68.20000,96,79,99,51,43,49,1.16000,83,0.01208
452742.80144,5472342.46834,68.40000,88,74,82,46,34,37,1.15000,77,0.01307
452744.26473,5472342.19224,68.50000,96,83,84,51,36,32,1.14000,84,0.01188
452745.68729,5472342.13638,68.50000,116,86,94,53,37,31,1.15000,101,0.00991
452747.14908,5472342.36111,68.60000,131,100,100,57,45,33,1.14000,115,0.00870
452748.63048,5472342.72614,68.60000,148,96,101,51,54,43,1.13000,131,0.00764
452750.13150,5472343.23146,68.60000,167,100,96,56,59,54,1.13000,147,0.00677
452751.29159,5472343.85597,68.60000,169,98,97,59,60,60,1.13000,149,0.00669
452752.57236,5472344.32057,68.60000,174,108,109,71,57,58,1.13000,154,0.00649
452753.79279,5472344.86512,68.60000,179,131,137,76,58,53,1.14000,157,0.00637
452755.39338,5472345.57107,68.60000,207,166,147,76,60,51,1.15000,180,0.00556
452756.75411,5472346.09601,68.60000,220,197,160,71,62,52,1.15000,192,0.00523
452758.29436,5472346.88192,68.60000,232,200,151,71,59,51,1.14000,203,0.00491
452759.77427,5472347.74779,68.60000,229,204,167,74,55,53,1.14000,201,0.00498
452761.11388,5472348.63327,68.60000,231,197,139,75,46,51,1.13000,204,0.00489
452762.47312,5472349.65904,68.70000,216,194,112,75,44,49,1.13000,192,0.00523
452763.95303,5472350.52490,68.70000,210,164,62,69,46,44,1.12000,187,0.00533
452765.15235,5472351.43000,68.70000,209,142,43,62,48,41,1.12000,186,0.00536
452766.43162,5472352.39543,68.60000,202,124,29,58,48,41,1.13000,180,0.00559
452767.89042,5472353.62184,68.60000,189,125,37,63,48,43,1.12000,168,0.00593
452769.32961,5472354.70796,68.60000,173,123,47,63,55,44,1.12000,154,0.00647
452770.84875,5472355.85441,68.60000,184,126,69,61,65,44,1.12000,164,0.00609
452772.22760,5472357.02048,68.60000,210,121,91,55,67,43,1.12000,187,0.00533
452773.74674,5472358.16693,68.60000,210,140,104,66,62,43,1.13000,186,0.00538
452775.04563,5472359.27266,68.60000,212,159,106,77,55,48,1.14000,186,0.00538
452776.48482,5472360.35878,68.50000,205,203,101,85,52,51,1.14000,180,0.00556
452778.22421,5472361.54595,68.50000,221,190,103,78,48,50,1.15000,193,0.00520
452779.66339,5472362.63207,68.50000,203,177,104,69,45,47,1.16000,176,0.00571
452781.34244,5472363.89920,68.50000,204,133,104,61,50,41,1.15000,178,0.00564
452782.84197,5472364.90536,68.50000,178,129,105,66,57,40,1.14000,156,0.00640
452784.46068,5472366.25245,68.50000,182,126,113,69,60,39,1.14000,159,0.00626
452786.02054,5472367.17865,68.50000,164,127,120,78,60,46,1.14000,144,0.00695
452787.37978,5472368.20442,68.50000,193,130,124,79,61,50,1.13000,170,0.00585
452788.65905,5472369.16986,68.50000,210,148,123,79,68,51,1.14000,184,0.00543
452790.01828,5472370.19563,68.50000,228,150,126,80,67,53,1.15000,198,0.00504
452791.47708,5472371.42204,68.50000,211,151,145,85,71,55,1.16000,182,0.00550
452792.75636,5472372.38747,68.50000,196,151,149,98,64,55,1.16000,169,0.00592
452794.27550,5472373.53393,68.50000,190,170,148,93,64,58,1.16000,164,0.00611
452795.71469,5472374.62004,68.60000,213,204,140,83,55,57,1.16000,184,0.00545
452797.23383,5472375.76649,68.60000,232,192,130,68,51,55,1.15000,201,0.00496
452798.65340,5472376.71231,68.60000,246,174,112,65,46,45,1.15000,214,0.00467
452800.03225,5472377.87838,68.60000,245,137,78,59,42,41,1.14000,214,0.00465
452801.45182,5472378.82420,68.60000,221,127,49,54,39,40,1.15000,193,0.00520
452802.81105,5472379.84997,68.60000,203,116,30,46,40,39,1.15000,177,0.00567
452804.25024,5472380.93609,68.60000,188,106,18,46,40,38,1.14000,165,0.00606
452805.70904,5472382.16250,68.60000,178,102,18,43,41,39,1.15000,155,0.00646
452806.98832,5472383.12793,68.60000,169,103,20,46,40,38,1.15000,146,0.00680
452808.34755,5472384.15370,68.60000,147,99,23,47,44,41,1.14000,129,0.00776
452809.92703,5472385.22020,68.60000,146,100,28,49,44,42,1.14000,127,0.00781
452801.26371,5472394.87064,68.00000,116,76,53,39,37,32,1.16000,100,0.01000
452799.66462,5472393.66384,68.00000,109,77,38,42,37,28,1.15000,94,0.01055
452798.14547,5472392.51739,68.00000,107,82,31,40,41,32,1.16000,92,0.01084
452796.48604,5472391.39055,68.00000,107,84,24,41,38,35,1.15000,93,0.01075
452795.10719,5472390.22448,68.00000,119,92,24,43,36,35,1.14000,104,0.00958
452793.42814,5472388.95735,68.00000,116,90,27,45,34,34,1.14000,102,0.00983
452791.88938,5472387.67060,68.00000,119,91,32,44,34,31,1.14000,104,0.00958
452790.21033,5472386.40347,68.00000,109,79,37,38,33,33,1.15000,95,0.01055
452788.61124,5472385.19668,68.00000,106,71,41,34,33,32,1.16000,92,0.01094
452787.01214,5472383.98989,67.90000,91,61,37,35,30,30,1.17000,78,0.01286
452785.49300,5472382.84343,67.90000,83,59,29,36,29,29,1.18000,70,0.01422
452784.03420,5472381.61702,67.90000,83,60,16,41,24,27,1.18000,70,0.01422
452782.43510,5472380.41023,67.90000,89,61,10,37,26,28,1.19000,75,0.01337
452780.71533,5472379.36335,67.90000,90,66,5,36,29,32,1.19000,76,0.01322
452779.09662,5472378.01626,67.90000,96,68,11,31,30,36,1.19000,81,0.01240
452777.59709,5472377.01010,67.90000,91,78,20,32,31,39,1.18000,77,0.01297
452775.91804,5472375.74297,67.90000,102,75,43,34,30,35,1.18000,87,0.01157
452774.47885,5472374.65685,67.90000,93,73,60,39,33,32,1.17000,80,0.01258
452772.79980,5472373.38972,67.90000,96,69,74,40,35,30,1.16000,83,0.01208
452771.14037,5472372.26288,68.00000,87,68,71,39,35,30,1.16000,75,0.01333
452769.54127,5472371.05609,68.00000,89,73,67,36,38,33,1.17000,76,0.01315
452767.86222,5472369.78896,68.00000,92,65,63,36,37,38,1.17000,78,0.01272
452766.26313,5472368.58216,68.00000,94,68,70,41,38,38,1.17000,80,0.01245
452764.58407,5472367.31503,68.00000,98,71,64,44,33,37,1.17000,84,0.01194
452763.14489,5472366.22892,68.00000,100,78,57,44,34,31,1.16000,86,0.01160
452761.72532,5472365.28310,68.00000,101,81,37,40,37,32,1.16000,88,0.01149
452760.18656,5472363.99635,68.00000,113,81,31,36,38,28,1.15000,99,0.01018
452758.66742,5472362.84989,68.00000,118,90,30,38,40,25,1.14000,104,0.00966
452757.38814,5472361.88446,68.10000,118,99,37,38,46,20,1.11000,106,0.00941
452755.86900,5472360.73801,68.10000,112,103,46,42,48,20,1.09000,102,0.00973
452754.50977,5472359.71223,68.10000,116,98,63,47,52,24,1.08000,107,0.00931
452753.01025,5472358.70607,68.10000,125,94,83,58,46,34,1.06000,118,0.00848
452751.47000,5472357.92016,68.10000,137,92,107,65,48,45,1.07000,128,0.00781
452750.02932,5472357.33489,68.10000,148,90,110,65,47,50,1.09000,137,0.00736
452748.38800,5472356.84918,68.00000,157,88,100,63,52,52,1.10000,142,0.00701
452746.62750,5472356.02254,68.00000,154,87,82,56,57,51,1.11000,138,0.00721
452745.28789,5472355.13706,68.00000,136,85,78,59,57,53,1.11000,122,0.00816
452744.10967,5472353.87142,68.00000,122,97,80,59,55,56,1.11000,109,0.00910
452743.17282,5472352.28597,68.10000,115,102,95,66,49,53,1.11000,104,0.00965
452742.73681,5472350.70200,68.10000,119,109,109,66,45,50,1.10000,109,0.00924
452742.76240,5472348.83895,68.20000,132,110,125,60,41,42,1.10000,119,0.00833
452743.18777,5472347.27759,68.30000,129,106,115,56,42,40,1.10000,117,0.00853
452743.65236,5472345.99681,68.30000,135,102,102,49,42,35,1.10000,123,0.00815
452744.33721,5472344.75677,68.30000,124,88,91,46,47,36,1.11000,112,0.00895
452745.40221,5472343.67813,68.30000,130,89,86,42,50,36,1.12000,116,0.00862
452746.12629,5472342.71867,68.40000,136,99,91,43,52,38,1.13000,121,0.00831
452747.13096,5472341.71998,68.50000,151,124,88,49,50,47,1.13000,134,0.00748
452748.09639,5472340.44071,68.50000,166,132,105,56,47,52,1.13000,147,0.00681
452749.06183,5472339.16143,68.60000,184,145,111,59,50,55,1.13000,164,0.00614
452750.16755,5472337.86254,68.60000,200,136,116,61,54,45,1.12000,179,0.00560
452751.45281,5472336.82462,68.70000,192,140,122,60,55,43,1.12000,171,0.00583
452752.85725,5472336.12763,68.80000,173,135,124,63,53,40,1.13000,154,0.00653
452754.40049,5472335.91187,68.80000,167,134,115,70,47,41,1.13000,148,0.00677
452755.92262,5472336.05664,68.90000,173,135,90,71,48,37,1.14000,151,0.00659
452757.04348,5472336.40056,68.80000,175,123,64,69,48,40,1.15000,152,0.00657
452758.16434,5472336.74448,68.80000,190,124,55,59,50,41,1.14000,167,0.00600
452759.32443,5472337.36899,68.80000,191,112,49,57,50,45,1.14000,167,0.00597
452760.38495,5472337.79286,68.90000,186,114,51,58,50,44,1.15000,162,0.00618
452761.36402,5472338.65723,68.90000,156,107,54,61,47,42,1.14000,137,0.00731
452762.22241,5472339.68151,68.90000,145,115,60,58,43,41,1.14000,128,0.00786
452762.98124,5472340.50515,68.90000,141,115,87,56,41,41,1.15000,123,0.00816
452763.99954,5472341.65011,68.90000,140,109,102,50,41,39,1.14000,123,0.00814
452765.29843,5472342.75584,68.90000,131,102,110,49,42,38,1.14000,115,0.00870
452766.69689,5472344.06221,68.80000,121,91,89,48,43,38,1.14000,106,0.00942
452768.07574,5472345.22827,68.90000,106,88,75,47,49,40,1.14000,93,0.01075
452769.69445,5472346.57536,68.80000,109,94,65,52,49,43,1.13000,97,0.01037
452771.23320,5472347.86211,68.90000,110,96,61,53,51,47,1.13000,97,0.01027
452772.83230,5472349.06890,68.90000,125,98,60,59,50,49,1.13000,111,0.00904
452774.67126,5472350.45672,68.90000,140,94,59,58,55,47,1.14000,123,0.00814
452776.43026,5472351.78419,68.80000,149,104,58,63,64,46,1.15000,130,0.00772
452778.12893,5472353.19162,68.80000,150,113,55,65,68,46,1.15000,131,0.00767
452779.94827,5472354.43913,68.80000,151,134,53,68,77,51,1.15000,131,0.00762
452781.62732,5472355.70627,68.80000,161,152,52,71,80,60,1.15000,140,0.00714
452783.38633,5472357.03374,68.80000,173,166,60,76,90,66,1.14000,151,0.00659
452785.08499,5472358.44117,68.80000,183,193,85,95,90,71,1.14000,160,0.00623
452786.76405,5472359.70830,68.80000,217,214,114,111,87,67,1.15000,189,0.00530
452788.20323,5472360.79441,68.80000,237,247,193,116,78,72,1.15000,207,0.00485
452789.72237,5472361.94086,68.80000,259,264,258,111,70,73,1.14000,228,0.00440
452791.16156,5472363.02698,68.80000,269,268,290,105,62,69,1.14000,237,0.00424
452792.62036,5472364.25339,68.80000,273,248,257,104,61,59,1.14000,240,0.00418
452794.11988,5472365.25955,68.80000,264,229,233,95,65,51,1.12000,235,0.00424
452795.69937,5472366.32604,68.80000,245,214,215,85,70,51,1.12000,219,0.00457
452797.05860,5472367.35182,68.80000,232,199,203,84,65,54,1.13000,205,0.00487
452798.55812,5472368.35798,68.80000,219,176,163,90,58,56,1.12000,196,0.00511
452799.91735,5472369.38375,68.80000,210,183,141,87,53,54,1.12000,188,0.00533
452801.25697,5472370.26923,68.80000,219,197,109,79,53,51,1.12000,195,0.00511
452802.71577,5472371.49564,68.80000,230,208,90,66,51,46,1.13000,203,0.00491
452804.15496,5472372.58175,68.80000,234,200,73,67,48,42,1.14000,205,0.00487
452805.55342,5472373.88811,68.80000,218,193,65,57,40,38,1.15000,191,0.00528
452807.07256,5472375.03457,68.80000,210,174,65,52,37,38,1.15000,183,0.00548
452808.51175,5472376.12068,68.80000,211,152,64,43,38,37,1.16000,182,0.00550
452809.87098,5472377.14645,68.80000,199,132,63,40,39,35,1.16000,171,0.00583
452811.16987,5472378.25218,68.80000,188,122,65,40,41,34,1.16000,162,0.00617
452812.60906,5472379.33829,68.80000,162,117,74,45,42,37,1.16000,139,0.00716
452813.96829,5472380.36407,68.80000,155,119,86,49,42,38,1.16000,133,0.00748
452803.45705,5472391.63172,68.10000,153,113,83,46,44,37,1.15000,133,0.00752
452802.05709,5472390.82619,68.10000,145,112,83,48,45,42,1.15000,126,0.00793
452800.53795,5472389.67974,68.20000,131,135,84,50,44,43,1.16000,113,0.00885
452798.93885,5472388.47295,68.20000,152,140,85,52,44,43,1.16000,130,0.00763
452797.25980,5472387.20582,68.20000,177,157,86,54,47,42,1.17000,152,0.00661
452795.66071,5472385.99902,68.20000,188,139,90,52,42,42,1.17000,161,0.00622
452793.86098,5472384.89180,68.20000,172,145,95,51,39,48,1.16000,148,0.00674
452792.26188,5472383.68501,68.20000,158,130,95,49,33,47,1.15000,137,0.00728
452790.56322,5472382.27758,68.20000,151,135,103,44,34,44,1.15000,131,0.00762
452789.04407,5472381.13113,68.20000,141,117,94,50,35,37,1.15000,122,0.00816
452787.66523,5472379.96506,68.10000,122,120,96,50,37,36,1.16000,105,0.00951
452786.30600,5472378.93929,68.10000,121,104,78,53,37,39,1.16000,104,0.00959
452785.26658,5472378.15487,68.10000,120,103,74,46,35,41,1.17000,102,0.00975
452783.96769,5472377.04914,68.10000,119,92,64,44,36,44,1.17000,102,0.00983
452782.68842,5472376.08371,68.10000,112,99,66,44,35,42,1.17000,96,0.01045
452781.16927,5472374.93725,68.10000,114,112,74,49,40,40,1.17000,97,0.01026
452779.66975,5472373.93109,68.10000,118,106,77,49,42,39,1.18000,100,0.01000
452778.15061,5472372.78464,68.10000,124,94,81,46,45,38,1.18000,105,0.00952
452776.65108,5472371.77848,68.10000,121,67,84,39,41,39,1.18000,103,0.00975
452775.13194,5472370.63203,68.20000,114,64,91,39,39,38,1.17000,97,0.01026
452773.61280,5472369.48557,68.20000,101,67,88,40,37,38,1.16000,87,0.01149
452771.95336,5472368.35874,68.20000,111,90,79,41,40,37,1.15000,96,0.01036
452770.23359,5472367.31185,68.20000,124,99,71,41,41,35,1.14000,109,0.00919
452768.81402,5472366.36603,68.20000,126,104,71,39,44,38,1.15000,110,0.00913
452767.23454,5472365.29953,68.20000,117,95,74,42,43,39,1.14000,102,0.00974
452765.95526,5472364.33410,68.20000,109,96,78,43,49,40,1.12000,97,0.01028
452764.31544,5472363.34756,68.20000,119,100,88,44,54,41,1.12000,106,0.00941
452762.87625,5472362.26144,68.20000,128,103,94,45,57,47,1.12000,114,0.00875
452761.51702,5472361.23567,68.20000,140,120,104,55,54,51,1.11000,126,0.00793
452760.15779,5472360.20989,68.20000,158,140,119,68,46,53,1.10000,143,0.00696
452758.87852,5472359.24446,68.20000,181,161,140,73,42,49,1.11000,163,0.00613
452757.57962,5472358.13873,68.30000,199,181,151,69,40,47,1.11000,179,0.00558
452756.22039,5472357.11295,68.30000,214,189,129,60,41,44,1.11000,193,0.00519
452754.88078,5472356.22747,68.30000,210,170,97,55,41,43,1.10000,192,0.00524
452753.34053,5472355.44156,68.30000,201,143,67,51,40,43,1.09000,184,0.00542
452752.02053,5472354.69638,68.30000,172,113,57,46,40,40,1.09000,157,0.00634
452750.48028,5472353.91047,68.30000,148,105,52,45,42,39,1.09000,136,0.00736
452749.24023,5472353.22562,68.20000,138,94,56,45,43,37,1.10000,126,0.00797
452747.82066,5472352.27980,68.20000,137,94,55,45,48,40,1.11000,124,0.00810
452746.56100,5472351.45466,68.20000,142,95,58,48,47,40,1.11000,128,0.00782
452745.60304,5472350.22975,68.30000,132,96,61,49,47,38,1.12000,119,0.00848
452744.76575,5472348.84492,68.30000,136,107,79,59,43,36,1.13000,121,0.00831
452744.26940,5472347.34091,68.30000,140,121,86,58,45,36,1.14000,123,0.00814
452744.23465,5472345.55781,68.30000,151,137,96,60,53,38,1.15000,131,0.00762
452744.58006,5472343.93611,68.40000,149,133,96,53,59,41,1.15000,129,0.00772
452745.28602,5472342.33552,68.40000,155,124,99,58,59,48,1.16000,134,0.00748
452746.43247,5472340.81638,68.50000,159,105,94,57,52,54,1.16000,137,0.00730
452747.69811,5472339.63817,68.60000,154,99,92,64,48,54,1.15000,134,0.00747
452749.24284,5472338.92157,68.60000,148,97,105,62,50,50,1.15000,128,0.00777
452750.90676,5472338.54589,68.70000,153,118,109,63,58,42,1.15000,133,0.00752
452752.62953,5472338.59110,68.70000,177,128,112,60,57,37,1.14000,155,0.00644
452754.31156,5472338.85656,68.70000,190,132,108,62,59,36,1.13000,168,0.00595
452755.71301,5472339.16124,68.80000,186,131,109,73,52,46,1.13000,165,0.00608
452756.99378,5472339.62584,68.80000,186,127,105,71,54,48,1.12000,167,0.00602
452758.53403,5472340.41175,68.80000,186,142,101,72,54,49,1.12000,166,0.00602
452759.81331,5472341.37718,68.80000,191,138,107,60,54,44,1.13000,169,0.00592
452761.09109,5472342.84346,68.80000,175,139,103,63,52,48,1.14000,154,0.00651
452762.34926,5472344.16944,68.80000,166,127,96,56,45,46,1.14000,146,0.00687
452764.06754,5472345.71716,68.80000,159,116,80,57,42,44,1.15000,137,0.00723
452765.70586,5472347.20454,68.80000,161,115,77,54,43,37,1.16000,139,0.00720
452767.08471,5472348.37061,68.80000,163,109,74,52,46,37,1.15000,142,0.00706
452768.70342,5472349.71770,68.80000,154,103,71,50,46,35,1.15000,134,0.00747
452770.08227,5472350.88377,68.70000,149,90,71,47,45,39,1.14000,132,0.00765
452771.86089,5472352.35153,68.70000,131,97,77,51,47,40,1.12000,117,0.00855
452773.61989,5472353.67900,68.70000,137,100,90,52,50,41,1.12000,123,0.00818
452775.43924,5472354.92652,68.70000,127,112,100,55,56,43,1.13000,112,0.00890
452777.13790,5472356.33395,68.70000,139,114,110,62,53,46,1.14000,122,0.00820
452778.97686,5472357.72176,68.70000,139,120,128,66,53,55,1.14000,121,0.00820
452780.83544,5472359.24987,68.70000,150,136,128,64,45,53,1.15000,131,0.00767
452782.53410,5472360.65730,68.70000,173,135,141,61,46,54,1.15000,151,0.00665
452784.23277,5472362.06472,68.70000,180,145,131,63,47,45,1.14000,158,0.00633
452786.07173,5472363.45253,68.70000,193,136,132,66,47,44,1.14000,170,0.00591
452787.83073,5472364.78001,68.70000,180,156,116,64,45,40,1.15000,156,0.00639
452789.74965,5472366.22816,68.70000,197,153,114,57,40,38,1.16000,169,0.00589
452791.72890,5472367.59635,68.60000,193,143,112,53,44,37,1.16000,167,0.00601
452793.42757,5472369.00378,68.70000,210,116,109,50,49,36,1.14000,183,0.00543
452795.26653,5472370.39159,68.70000,196,104,99,53,49,37,1.14000,172,0.00582
452797.02553,5472371.71907,68.70000,184,100,106,58,46,39,1.14000,162,0.00620
452799.00479,5472373.08726,68.70000,165,106,105,62,40,40,1.14000,145,0.00691
452800.76379,5472374.41473,68.70000,175,117,127,59,41,41,1.15000,153,0.00657
452802.42323,5472375.54157,68.80000,188,124,116,55,42,39,1.15000,164,0.00612
452804.32253,5472376.84943,68.70000,190,121,113,49,44,44,1.15000,166,0.00605
452806.08154,5472378.17690,68.80000,175,111,84,47,46,41,1.15000,152,0.00657
452808.00045,5472379.62505,68.80000,177,105,90,46,44,41,1.14000,156,0.00644
452809.75946,5472380.95252,68.70000,189,107,96,49,43,36,1.12000,169,0.00593
452811.73871,5472382.32072,68.80000,205,116,112,52,39,37,1.13000,182,0.00551
452805.74547,5472390.09595,68.30000,100,57,61,37,43,34,1.17000,85,0.01170
452804.36663,5472388.92988,68.30000,96,70,73,41,40,38,1.16000,82,0.01208
452802.90782,5472387.70347,68.30000,102,77,78,43,38,43,1.15000,89,0.01127
452801.30873,5472386.49668,68.30000,110,93,80,49,32,44,1.14000,96,0.01036
452799.84993,5472385.27027,68.30000,119,95,87,49,30,49,1.14000,105,0.00958
452798.19049,5472384.14344,68.30000,132,107,92,47,32,47,1.14000,116,0.00864
452796.67135,5472382.99698,68.30000,151,104,104,43,33,45,1.14000,132,0.00755
452795.07225,5472381.79019,68.30000,150,110,96,40,39,42,1.15000,131,0.00767
452793.31325,5472380.46272,68.30000,157,125,105,37,40,46,1.15000,137,0.00732
452791.41395,5472379.15486,68.30000,142,131,97,31,42,47,1.14000,125,0.00803
452789.65494,5472377.82739,68.30000,152,134,98,30,43,54,1.14000,133,0.00750
452787.83560,5472376.57987,68.20000,152,132,81,32,43,54,1.14000,133,0.00750
452785.91668,5472375.13172,68.20000,151,138,72,39,44,56,1.15000,131,0.00762
452784.15768,5472373.80425,68.20000,145,138,69,45,42,49,1.16000,125,0.00800
452782.47863,5472372.53712,68.20000,129,125,70,50,39,43,1.16000,111,0.00899
452780.71962,5472371.20964,68.20000,139,119,72,51,42,40,1.15000,120,0.00827
452779.12052,5472370.00285,68.30000,136,114,80,49,44,38,1.14000,119,0.00838
452777.34190,5472368.53508,68.30000,133,109,81,52,47,39,1.14000,117,0.00857
452775.52256,5472367.28757,68.30000,125,103,82,56,47,38,1.13000,110,0.00904
452773.60364,5472365.83941,68.30000,120,106,78,66,55,37,1.11000,108,0.00925
452771.84464,5472364.51194,68.30000,135,107,91,75,58,34,1.13000,120,0.00837
452769.92572,5472363.06379,68.30000,144,107,104,89,61,33,1.15000,126,0.00799
452768.02642,5472361.75593,68.30000,187,109,145,92,54,32,1.15000,164,0.00615
452766.20708,5472360.50841,68.30000,231,119,152,78,52,35,1.15000,202,0.00498
452764.60798,5472359.30162,68.30000,268,135,158,58,47,34,1.16000,232,0.00433
452762.92893,5472358.03449,68.40000,266,144,135,38,45,35,1.15000,232,0.00432
452761.48975,5472356.94837,68.40000,262,148,129,29,46,31,1.13000,232,0.00431
452759.81070,5472355.68124,68.40000,239,145,131,24,45,32,1.13000,212,0.00473
452758.27194,5472354.39449,68.40000,241,140,118,27,44,37,1.12000,214,0.00465
452756.71208,5472353.46829,68.40000,211,134,116,30,41,42,1.13000,187,0.00536
452755.07226,5472352.48174,68.40000,199,128,95,34,43,43,1.13000,177,0.00568
452753.37210,5472351.57515,68.40000,173,124,81,37,43,41,1.12000,154,0.00647
452751.85146,5472350.92954,68.40000,158,118,60,42,47,38,1.13000,140,0.00715
452750.37155,5472350.06367,68.40000,158,125,53,50,48,39,1.14000,138,0.00722
452748.75135,5472349.21742,68.40000,147,125,53,51,48,41,1.15000,128,0.00782
452747.19298,5472347.79038,68.40000,140,124,65,50,45,43,1.14000,122,0.00814
452746.05549,5472346.30449,68.40000,129,111,84,50,42,44,1.14000,114,0.00884
452745.39923,5472344.67980,68.40000,135,117,103,52,49,48,1.14000,119,0.00844
452745.14423,5472342.85598,68.40000,136,114,109,58,47,47,1.13000,120,0.00831
452745.37046,5472340.89335,68.50000,140,112,112,55,52,47,1.13000,123,0.00807
452746.05680,5472339.15246,68.50000,140,105,106,58,48,41,1.14000,123,0.00814
452747.12330,5472337.57298,68.60000,150,118,123,54,57,43,1.14000,132,0.00760
452748.30898,5472336.33443,68.60000,157,138,120,59,61,47,1.13000,139,0.00720
452749.81448,5472335.33724,68.70000,169,141,131,57,64,51,1.14000,148,0.00675
452751.33960,5472334.48034,68.80000,163,145,122,68,61,50,1.14000,143,0.00699
452753.02463,5472333.74412,68.80000,170,137,142,73,54,47,1.14000,149,0.00671
452754.62821,5472333.44840,68.80000,177,153,136,74,52,46,1.14000,155,0.00644
452756.55160,5472333.39404,68.90000,200,150,153,67,54,46,1.13000,176,0.00565
452758.01339,5472333.61877,68.90000,223,164,133,64,57,45,1.12000,199,0.00502
452759.51441,5472334.12409,68.90000,231,155,142,68,56,49,1.12000,206,0.00485
452760.93548,5472334.56908,68.90000,228,157,135,76,51,50,1.12000,204,0.00491
452762.53607,5472335.27503,68.90000,207,150,134,74,48,50,1.12000,184,0.00541
452763.93453,5472336.58139,68.90000,185,153,122,71,48,44,1.13000,164,0.00611
452765.13236,5472337.98733,68.90000,180,149,109,62,48,43,1.13000,158,0.00628
452766.63039,5472339.49432,68.90000,171,140,108,60,47,41,1.13000,151,0.00661
452768.04846,5472340.94098,68.90000,168,123,116,64,47,42,1.13000,148,0.00673
452769.52688,5472342.30768,68.90000,148,121,120,64,47,39,1.14000,130,0.00770
452771.30550,5472343.77545,68.90000,143,127,129,65,50,44,1.15000,124,0.00804
452772.90459,5472344.98224,68.90000,152,133,138,60,52,43,1.15000,132,0.00757
452774.60326,5472346.38967,68.90000,161,138,145,61,52,47,1.14000,142,0.00708
452776.22197,5472347.73676,68.90000,169,131,167,63,51,45,1.14000,148,0.00675
452777.66116,5472348.82287,68.90000,180,148,168,64,50,45,1.13000,159,0.00628
452779.35982,5472350.23030,68.90000,195,157,171,66,53,44,1.12000,174,0.00574
452781.03887,5472351.49743,68.90000,203,161,167,66,53,48,1.11000,183,0.00547
452782.57763,5472352.78418,68.90000,194,154,167,72,55,50,1.11000,175,0.00572
452784.33663,5472354.11165,68.90000,181,151,178,75,55,52,1.11000,162,0.00613
452786.07602,5472355.29883,68.90000,180,163,177,74,53,48,1.11000,161,0.00617
452787.77469,5472356.70626,68.90000,190,165,175,72,50,49,1.12000,170,0.00589
452789.29383,5472357.85271,68.90000,201,166,164,74,45,45,1.13000,179,0.00562
452790.89292,5472359.05950,68.90000,212,159,159,73,47,42,1.13000,187,0.00533
452792.49202,5472360.26630,68.80000,214,164,151,67,52,39,1.13000,189,0.00528
452794.17107,5472361.53343,68.90000,225,168,143,65,56,41,1.13000,200,0.00502
452795.61025,5472362.61954,68.90000,225,164,144,69,52,45,1.12000,201,0.00498
452797.22897,5472363.96663,68.90000,223,164,155,76,46,47,1.11000,201,0.00498
452798.82806,5472365.17342,68.90000,214,165,179,70,42,45,1.11000,193,0.00519
452800.46788,5472366.15997,68.90000,207,157,162,61,47,51,1.11000,187,0.00536
452802.06698,5472367.36676,68.90000,205,136,153,49,54,57,1.11000,185,0.00541
452803.66607,5472368.57355,68.90000,207,111,126,47,62,60,1.11000,187,0.00536
452805.02530,5472369.59933,68.90000,192,118,126,48,62,54,1.11000,173,0.00578
452806.54445,5472370.74578,68.90000,189,121,130,63,59,51,1.12000,169,0.00593
452808.14354,5472371.95257,68.90000,181,128,148,66,53,52,1.12000,161,0.00619
452809.80298,5472373.07941,68.90000,204,141,164,69,58,54,1.12000,181,0.00549
452811.64194,5472374.46722,68.90000,219,159,160,62,58,53,1.13000,195,0.00516
452813.18069,5472375.75397,69.00000,229,165,150,63,58,52,1.13000,203,0.00493
452814.85974,5472377.02110,69.00000,227,154,133,61,51,48,1.13000,201,0.00498
452816.35927,5472378.02726,69.00000,220,145,122,65,49,48,1.14000,192,0.00518
452803.44341,5472389.48807,68.20000,123,553,11330,7891,32867,16315,1.14000,108,0.00927
452801.58483,5472387.95997,68.20000,303,946,12750,7882,18058,14499,1.13000,268,0.00373
452790.47112,5472379.57276,68.30000,483,1059,12757,7002,5347,9075,1.14000,425,0.00236
452784.71437,5472375.22830,68.20000,724,1074,11354,5694,42,3651,1.13000,638,0.00156
452780.95650,5472372.39234,68.20000,747,963,7124,3951,44,35,1.13000,658,0.00151
452779.51731,5472371.30622,68.20000,717,687,2894,1337,48,37,1.15000,626,0.00160
452776.01891,5472368.79157,68.30000,403,360,74,35,47,38,1.16000,348,0.00288
452774.75925,5472367.96643,68.30000,246,108,73,41,49,39,1.16000,212,0.00472
452769.96047,5472364.84689,68.30000,155,112,70,57,46,41,1.17000,133,0.00755
452768.60124,5472363.82112,68.30000,163,117,68,64,45,43,1.16000,140,0.00712
452767.24201,5472362.79534,68.30000,164,125,66,70,45,43,1.15000,142,0.00701
452765.80282,5472361.70923,68.30000,174,132,64,69,44,37,1.15000,151,0.00661
452764.44359,5472360.68346,68.30000,177,138,63,68,44,38,1.15000,154,0.00650
452763.00441,5472359.59734,68.30000,183,141,64,61,43,39,1.14000,161,0.00623
452761.42493,5472358.53084,68.30000,187,138,68,53,41,44,1.12000,166,0.00599
452759.98574,5472357.44473,68.30000,187,133,71,45,46,44,1.12000,168,0.00599
452758.62651,5472356.41895,68.30000,189,142,75,40,43,42,1.11000,171,0.00587
452757.04703,5472355.35245,68.30000,184,142,76,31,43,38,1.11000,166,0.00603
452755.76775,5472354.38702,68.30000,181,137,78,28,40,38,1.12000,162,0.00619
452754.24861,5472353.24057,68.40000,179,120,81,28,43,37,1.12000,160,0.00626
452752.96933,5472352.27513,68.40000,153,113,80,33,43,39,1.13000,136,0.00739
452751.67044,5472351.16940,68.40000,142,111,84,36,42,42,1.13000,126,0.00796
452750.25087,5472350.22358,68.40000,129,110,77,39,45,43,1.13000,114,0.00876
452748.81169,5472349.13747,68.40000,127,112,71,41,50,44,1.13000,113,0.00890
452747.69381,5472347.79187,68.40000,123,109,59,43,60,43,1.14000,108,0.00927
452746.57594,5472346.44628,68.40000,127,109,52,45,69,48,1.14000,111,0.00898
452746.07959,5472344.94227,68.40000,134,106,55,48,70,53,1.15000,116,0.00858
452745.96339,5472343.59967,68.50000,144,116,67,62,62,51,1.16000,124,0.00806
452746.10817,5472342.07754,68.50000,171,117,80,74,49,53,1.17000,146,0.00684
452746.49281,5472340.73643,68.50000,185,121,90,76,42,50,1.17000,158,0.00632
452747.17766,5472339.49638,68.60000,191,132,104,70,41,48,1.16000,164,0.00607
452747.80216,5472338.33629,68.60000,187,148,121,56,45,40,1.16000,161,0.00620
452748.54735,5472337.01629,68.70000,183,145,128,47,47,39,1.16000,158,0.00634
452749.29254,5472335.69629,68.70000,178,126,119,35,49,40,1.15000,155,0.00646
452749.57611,5472334.65538,68.70000,177,112,108,32,50,45,1.14000,156,0.00644
452750.26096,5472333.41534,68.70000,170,109,103,34,53,44,1.13000,151,0.00665
452751.14495,5472332.57656,68.80000,164,116,102,46,52,47,1.12000,146,0.00683
452752.04855,5472331.87808,68.80000,151,114,124,58,50,46,1.12000,134,0.00742
452753.29158,5472331.56125,68.80000,160,130,119,62,49,46,1.12000,143,0.00700
452754.71414,5472331.50539,68.90000,175,124,123,61,52,45,1.13000,155,0.00646
452756.11559,5472331.81008,68.90000,190,125,95,57,52,43,1.14000,166,0.00600
452757.27568,5472332.43458,68.90000,184,110,96,63,59,45,1.14000,162,0.00620
452758.21552,5472333.01836,68.90000,173,112,97,66,63,45,1.13000,153,0.00653
452759.37561,5472333.64287,68.90000,157,118,120,69,60,49,1.12000,139,0.00713
452760.41503,5472334.42729,68.90000,163,135,140,72,55,45,1.11000,146,0.00681
452761.61435,5472335.33238,68.90000,183,148,152,69,45,43,1.11000,166,0.00607
452762.59342,5472336.19675,68.90000,192,153,139,64,48,39,1.12000,172,0.00583
452763.59211,5472337.20142,68.90000,217,171,122,53,48,38,1.13000,191,0.00521
452764.55007,5472338.42633,68.90000,214,168,111,50,53,38,1.15000,187,0.00537
452765.94853,5472339.73269,68.90000,201,159,101,51,50,39,1.16000,174,0.00577
452767.32738,5472340.89876,68.90000,165,129,92,56,50,42,1.16000,143,0.00703
452768.94609,5472342.24585,68.90000,139,112,82,57,47,43,1.15000,121,0.00827
452770.48484,5472343.53260,68.90000,133,109,91,58,51,48,1.14000,117,0.00857
452772.18351,5472344.94003,68.90000,126,107,98,56,52,46,1.13000,111,0.00897
452773.70265,5472346.08648,68.90000,135,117,118,65,52,49,1.12000,121,0.00830
452775.46165,5472347.41395,68.90000,144,122,143,68,55,44,1.11000,129,0.00771
452777.14070,5472348.68108,68.90000,169,145,156,70,58,45,1.11000,152,0.00657
452778.89971,5472350.00856,68.90000,178,147,152,70,60,46,1.11000,161,0.00624
452780.65871,5472351.33603,68.90000,184,150,129,75,57,48,1.11000,166,0.00603
452782.63797,5472352.70423,68.90000,179,139,138,81,55,50,1.10000,162,0.00615
452784.33663,5472354.11165,68.90000,176,147,139,77,53,47,1.11000,158,0.00631
452786.39584,5472355.54019,68.80000,185,164,158,75,50,46,1.11000,166,0.00600
452788.09451,5472356.94762,68.80000,188,163,146,71,48,45,1.11000,170,0.00590
452789.85351,5472358.27509,68.80000,197,162,150,69,49,43,1.11000,177,0.00563
452791.77243,5472359.72324,68.80000,201,153,134,63,53,40,1.12000,180,0.00557
452793.53143,5472361.05071,68.90000,203,150,136,64,58,40,1.11000,183,0.00547
452795.21048,5472362.31784,68.90000,206,147,131,68,57,43,1.11000,187,0.00539
452796.96949,5472363.64532,68.90000,208,150,152,74,55,48,1.11000,187,0.00534
452798.94874,5472365.01351,68.90000,216,161,162,78,52,50,1.11000,194,0.00514
452800.76809,5472366.26103,68.90000,218,177,185,76,58,50,1.11000,197,0.00509
452802.44714,5472367.52816,68.90000,226,175,190,78,57,52,1.11000,204,0.00491
452804.14580,5472368.93559,68.90000,226,170,196,74,60,52,1.11000,203,0.00491
452805.74490,5472370.14238,68.90000,229,160,177,72,52,48,1.11000,206,0.00485
452807.58386,5472371.53019,68.90000,216,167,178,63,51,41,1.12000,193,0.00519
452809.56311,5472372.89839,69.00000,213,164,176,60,46,34,1.12000,190,0.00526
452811.48203,5472374.34654,68.90000,223,169,173,58,55,32,1.12000,199,0.00502
452813.24103,5472375.67401,69.00000,227,155,156,57,59,32,1.11000,204,0.00489
452815.00004,5472377.00148,69.00000,226,168,138,64,60,35,1.12000,203,0.00496
452816.89934,5472378.30934,69.00000,226,150,144,74,55,41,1.13000,200,0.00500
452798.14249,5472393.51907,67.90000,103,66,62,35,34,33,1.15000,89,0.01117
452796.54339,5472392.31227,68.00000,108,70,61,39,32,29,1.15000,95,0.01065
452794.64409,5472391.00442,68.00000,102,72,60,41,31,30,1.14000,90,0.01118
452793.04499,5472389.79762,67.90000,106,68,53,40,30,31,1.14000,93,0.01075
452791.28599,5472388.47015,67.90000,99,72,50,37,32,32,1.14000,87,0.01152
452789.60694,5472387.20302,67.90000,101,70,46,34,33,32,1.14000,88,0.01129
452788.00784,5472385.99623,67.90000,94,69,48,33,34,33,1.15000,82,0.01223
452786.40875,5472384.78943,67.90000,91,63,56,34,35,32,1.15000,79,0.01264
452784.66935,5472383.60226,67.90000,75,62,64,36,37,33,1.16000,65,0.01547
452782.91035,5472382.27478,67.90000,68,63,67,38,36,35,1.16000,59,0.01706
452781.31125,5472381.06799,67.90000,68,65,73,39,35,40,1.16000,58,0.01706
452779.63220,5472379.80086,67.90000,90,68,71,40,32,42,1.16000,78,0.01289
452778.03311,5472378.59406,67.90000,98,79,71,40,34,42,1.16000,84,0.01184
452776.27410,5472377.26659,67.90000,104,82,59,39,33,37,1.15000,90,0.01106
452774.37480,5472375.95873,67.90000,87,83,58,36,34,37,1.15000,76,0.01322
452772.77570,5472374.75194,67.90000,84,83,57,37,34,36,1.15000,73,0.01369
452771.11627,5472373.62510,67.90000,90,85,59,35,37,35,1.14000,79,0.01267
452769.49756,5472372.27802,67.90000,94,87,64,35,41,33,1.15000,82,0.01223
452767.89846,5472371.07122,67.90000,98,81,66,35,41,37,1.16000,85,0.01184
452766.21941,5472369.80409,67.90000,92,81,68,38,40,41,1.15000,80,0.01250
452764.62032,5472368.59730,67.90000,91,80,71,41,39,42,1.14000,80,0.01253
452762.96088,5472367.47046,67.90000,95,76,70,43,39,41,1.13000,84,0.01189
452761.22149,5472366.28328,67.90000,98,75,69,42,40,38,1.13000,86,0.01153
452759.78231,5472365.19716,68.00000,112,72,61,41,40,42,1.12000,100,0.01000
452758.32350,5472363.97076,68.00000,117,73,60,41,42,42,1.11000,105,0.00949
452756.96427,5472362.94498,68.00000,121,69,69,43,44,42,1.12000,108,0.00926
452755.52509,5472361.85887,68.00000,114,74,68,44,42,39,1.12000,102,0.00982
452754.00595,5472360.71241,68.00000,117,77,79,46,38,41,1.12000,104,0.00957
452752.50642,5472359.70625,68.00000,115,83,72,48,38,39,1.12000,103,0.00974
452751.14719,5472358.68048,68.00000,120,81,77,52,40,35,1.11000,108,0.00925
452749.70800,5472357.59436,68.00000,129,96,69,55,45,35,1.11000,116,0.00860
452748.28843,5472356.64854,68.00000,124,92,73,54,51,37,1.10000,112,0.00887
452746.92920,5472355.62277,68.00000,109,92,80,52,54,43,1.09000,100,0.01000
452745.49002,5472354.53666,68.00000,83,75,100,52,57,48,1.10000,75,0.01325
452744.03121,5472353.31025,68.00000,80,83,113,59,53,52,1.11000,72,0.01388
452742.71271,5472352.06422,68.10000,82,79,119,62,53,53,1.11000,74,0.01354
452741.87542,5472350.67940,68.10000,99,77,116,62,49,49,1.12000,88,0.01131
452741.57970,5472349.07582,68.10000,113,64,120,59,44,49,1.13000,100,0.01000
452741.42428,5472347.45263,68.20000,117,61,113,56,42,48,1.12000,104,0.00957
452741.92960,5472345.95161,68.30000,111,65,105,54,42,48,1.12000,99,0.01009
452742.79546,5472344.47170,68.30000,107,68,99,49,41,45,1.13000,95,0.01056
452743.94042,5472343.45339,68.40000,111,86,96,50,39,40,1.14000,98,0.01027
452745.36448,5472342.89670,68.40000,131,90,92,52,36,34,1.14000,115,0.00870
452746.86849,5472342.40035,68.50000,138,107,84,50,38,32,1.14000,121,0.00826
452748.39062,5472342.54512,68.50000,151,110,83,50,38,36,1.15000,131,0.00762
452749.79207,5472342.84981,68.60000,158,124,83,52,40,43,1.14000,138,0.00722
452750.87220,5472343.41398,68.60000,165,125,73,60,41,54,1.14000,145,0.00691
452752.09263,5472343.95853,68.60000,171,134,60,60,44,55,1.14000,151,0.00667
452753.57254,5472344.82439,68.60000,183,137,41,58,51,53,1.13000,161,0.00617
452755.27270,5472345.73098,68.60000,203,144,31,55,51,47,1.12000,181,0.00552
452756.99248,5472346.77787,68.60000,227,173,25,61,48,47,1.12000,202,0.00493
452758.65191,5472347.90471,68.60000,230,181,32,68,44,52,1.12000,205,0.00487
452760.49087,5472349.29252,68.60000,231,210,44,72,47,54,1.12000,207,0.00485
452761.86972,5472350.45859,68.60000,229,182,60,68,47,51,1.12000,205,0.00489
452763.22895,5472351.48436,68.60000,214,176,77,62,44,44,1.12000,191,0.00523
452764.76771,5472352.77111,68.60000,198,146,90,63,46,38,1.13000,176,0.00571
452766.66700,5472354.07897,68.60000,183,162,101,61,47,36,1.13000,162,0.00617
452768.66587,5472355.58746,68.50000,177,159,105,61,49,35,1.13000,157,0.00638
452770.66474,5472357.09595,68.50000,174,159,114,53,47,35,1.12000,156,0.00644
452772.36341,5472358.50338,68.50000,164,147,117,52,50,38,1.12000,147,0.00683
452774.12241,5472359.83085,68.50000,180,146,121,54,52,41,1.12000,160,0.00622
452775.88142,5472361.15832,68.50000,180,145,116,60,57,45,1.13000,159,0.00628
452777.80033,5472362.60647,68.50000,185,150,115,65,57,46,1.14000,162,0.00616
452779.75997,5472363.83438,68.50000,182,157,111,69,60,50,1.15000,158,0.00632
452781.51898,5472365.16185,68.50000,186,176,112,72,59,49,1.16000,161,0.00624
452783.43789,5472366.61000,68.50000,179,168,123,74,57,53,1.16000,154,0.00648
452785.35681,5472368.05815,68.50000,167,168,133,76,56,53,1.16000,144,0.00695
452787.05547,5472369.46558,68.40000,179,164,159,73,50,51,1.16000,154,0.00648
452788.91405,5472370.99369,68.40000,204,173,177,69,48,47,1.15000,177,0.00564
452790.81335,5472372.30154,68.40000,219,199,173,60,41,43,1.14000,192,0.00521
452792.57235,5472373.62902,68.50000,226,188,144,58,38,40,1.13000,200,0.00500
452794.33136,5472374.95649,68.50000,229,192,107,57,38,37,1.12000,204,0.00489
452796.15070,5472376.20400,68.50000,222,166,87,54,35,33,1.13000,197,0.00509
452797.98966,5472377.59182,68.50000,209,161,71,47,34,33,1.13000,184,0.00541
452799.96892,5472378.96001,68.50000,187,138,60,43,31,31,1.14000,164,0.00610
452801.56802,5472380.16681,68.50000,185,123,53,39,30,30,1.15000,160,0.00622
452803.32702,5472381.49428,68.50000,186,114,52,39,32,28,1.15000,161,0.00618
452805.16598,5472382.88209,68.50000,174,110,57,37,32,26,1.15000,152,0.00661
452806.86465,5472384.28952,68.50000,166,105,78,41,32,26,1.15000,145,0.00693
452808.62365,5472385.61699,68.50000,142,105,91,40,30,27,1.15000,124,0.00810
452802.97134,5472393.27303,68.00000,114,87,66,38,36,29,1.14000,100,0.01000
452801.21234,5472391.94556,68.00000,113,90,59,42,38,27,1.14000,99,0.01009
452799.31304,5472390.63771,68.00000,120,92,54,41,37,31,1.15000,105,0.00958
452797.49369,5472389.39019,68.00000,122,107,48,43,34,33,1.15000,107,0.00943
452795.57478,5472387.94204,68.00000,135,100,42,42,31,32,1.14000,118,0.00844
452793.75543,5472386.69452,68.00000,128,97,43,44,29,30,1.14000,112,0.00891
452791.93609,5472385.44700,68.00000,122,84,46,43,35,27,1.14000,107,0.00934
452790.09713,5472384.05919,68.00000,105,89,53,43,35,27,1.15000,91,0.01095
452788.01830,5472382.49036,68.00000,96,91,56,44,36,27,1.16000,82,0.01208
452786.25929,5472381.16289,68.00000,98,95,71,44,34,27,1.17000,83,0.01194
452784.34038,5472379.71474,68.00000,99,97,71,49,37,29,1.18000,84,0.01192
452782.42146,5472378.26658,68.00000,107,101,69,46,37,29,1.18000,90,0.01103
452780.60212,5472377.01907,68.00000,108,103,58,45,35,29,1.19000,91,0.01102
452778.70282,5472375.71121,68.00000,110,102,55,38,32,28,1.18000,93,0.01073
452776.94381,5472374.38374,68.00000,109,101,50,39,34,30,1.18000,92,0.01083
452775.18481,5472373.05626,68.00000,103,100,44,37,35,32,1.18000,87,0.01146
452773.26589,5472371.60811,68.00000,105,99,38,36,41,35,1.17000,90,0.01114
452771.50689,5472370.28064,68.00000,98,106,35,35,43,39,1.17000,84,0.01194
452769.66793,5472368.89283,68.00000,98,109,30,40,48,45,1.17000,84,0.01194
452767.90892,5472367.56535,68.10000,94,109,25,42,48,48,1.17000,80,0.01245
452766.14992,5472366.23788,68.10000,101,105,21,47,53,46,1.17000,87,0.01158
452764.17066,5472364.86968,68.10000,111,108,21,48,50,41,1.16000,96,0.01045
452762.41166,5472363.54221,68.10000,116,117,24,54,48,39,1.14000,102,0.00983
452760.51236,5472362.23435,68.10000,134,133,26,52,41,37,1.13000,118,0.00843
452758.75335,5472360.90688,68.10000,145,151,28,51,43,42,1.12000,130,0.00772
452756.99435,5472359.57941,68.20000,159,163,41,53,40,41,1.11000,144,0.00698
452755.37564,5472358.23232,68.20000,169,164,62,53,44,39,1.11000,152,0.00657
452753.61663,5472356.90485,68.20000,174,164,58,53,42,32,1.12000,155,0.00644
452752.01754,5472355.69805,68.20000,161,169,53,45,43,30,1.12000,143,0.00696
452750.13785,5472354.53049,68.20000,137,158,42,44,38,32,1.12000,122,0.00818
452748.67905,5472353.30408,68.20000,118,143,42,43,37,34,1.12000,105,0.00949
452747.07996,5472352.09729,68.20000,122,120,30,46,35,35,1.11000,109,0.00910
452745.68150,5472350.79092,68.20000,112,109,17,47,34,35,1.11000,101,0.00991
452744.74464,5472349.20547,68.30000,116,108,28,47,34,35,1.10000,105,0.00948
452744.08838,5472347.58078,68.30000,109,105,45,47,38,38,1.11000,99,0.01018
452744.21354,5472345.91835,68.30000,116,118,66,48,43,38,1.11000,105,0.00957
452744.43827,5472344.45656,68.40000,128,129,107,49,48,39,1.12000,115,0.00875
452745.02355,5472343.01588,68.40000,140,132,124,51,52,40,1.13000,124,0.00807
452745.82908,5472341.61593,68.50000,147,123,133,53,51,43,1.14000,130,0.00776
452746.55315,5472340.65647,68.50000,142,108,108,62,50,45,1.14000,125,0.00803
452747.57743,5472339.79808,68.60000,145,119,103,68,48,49,1.14000,128,0.00786
452748.56099,5472339.15994,68.60000,156,127,104,73,48,49,1.13000,137,0.00724
452749.58527,5472338.30154,68.60000,175,149,107,66,50,48,1.12000,156,0.00640
452750.68950,5472337.50349,68.70000,180,146,109,63,52,43,1.12000,161,0.00622
452752.03360,5472336.88646,68.70000,189,149,120,60,53,43,1.12000,168,0.00593
452753.27664,5472336.56963,68.80000,180,137,124,64,50,43,1.12000,161,0.00622
452754.37938,5472336.27241,68.80000,186,136,129,62,51,43,1.11000,167,0.00597
452755.80194,5472336.21655,68.80000,178,132,136,61,49,42,1.10000,161,0.00618
452757.20339,5472336.52124,68.80000,169,140,129,58,49,44,1.09000,155,0.00645
452758.54450,5472336.90588,68.80000,166,136,115,58,44,42,1.09000,152,0.00657
452759.70459,5472337.53039,68.90000,155,131,87,58,44,44,1.09000,142,0.00703
452761.24484,5472338.31630,68.90000,150,112,77,60,44,40,1.10000,136,0.00733
452762.52411,5472339.28173,68.90000,131,109,71,56,45,43,1.12000,116,0.00855
452763.82300,5472340.38746,68.90000,130,103,66,55,43,40,1.14000,114,0.00877
452765.42210,5472341.59426,68.90000,129,97,66,51,44,40,1.14000,113,0.00884
452767.34101,5472343.04241,68.90000,123,94,71,54,48,37,1.15000,108,0.00935
452769.35950,5472344.69120,68.90000,117,103,77,48,49,36,1.15000,101,0.00983
452771.41871,5472346.11973,68.90000,122,129,88,44,48,39,1.15000,106,0.00943
452773.27728,5472347.64784,68.90000,134,144,90,41,45,39,1.15000,116,0.00858
452775.19620,5472349.09599,68.90000,149,152,93,46,49,41,1.15000,130,0.00772
452777.27502,5472350.66482,68.90000,157,142,89,52,54,39,1.13000,139,0.00720
452779.51375,5472352.35433,68.90000,160,135,85,58,54,39,1.12000,144,0.00700
452781.43267,5472353.80248,68.90000,162,127,94,59,54,42,1.11000,147,0.00685
452783.41192,5472355.17068,68.90000,161,127,90,64,51,45,1.10000,146,0.00683
452785.33084,5472356.61883,68.80000,169,130,90,67,51,46,1.11000,153,0.00657
452787.18941,5472358.14694,68.80000,183,145,77,69,49,44,1.13000,162,0.00617
452789.10833,5472359.59509,68.80000,194,163,77,67,51,40,1.14000,170,0.00588
452791.02724,5472361.04324,68.80000,206,166,74,67,59,41,1.15000,179,0.00558
452792.88582,5472362.57135,68.70000,204,156,72,65,65,43,1.14000,179,0.00559
452794.80473,5472364.01950,68.80000,198,143,67,70,63,50,1.12000,177,0.00566
452796.94389,5472365.50837,68.80000,196,144,69,68,57,56,1.11000,177,0.00566
452798.86281,5472366.95653,68.80000,195,159,78,76,53,55,1.09000,178,0.00559
452800.94163,5472368.52536,68.80000,206,164,89,84,51,52,1.09000,190,0.00529
452802.65991,5472370.07308,68.80000,210,188,97,87,45,50,1.10000,192,0.00524
452804.41892,5472371.40055,68.80000,224,225,107,80,41,53,1.11000,203,0.00496
452806.33783,5472372.84870,68.80000,214,241,112,63,44,51,1.11000,193,0.00519
452808.25675,5472374.29685,68.80000,200,217,121,53,48,46,1.11000,180,0.00555
452810.23600,5472375.66505,68.80000,174,156,109,50,52,42,1.12000,155,0.00644
452812.09458,5472377.19315,68.80000,176,113,94,50,57,42,1.12000,156,0.00636
452814.01350,5472378.64130,68.80000,159,100,68,56,53,45,1.13000,140,0.00711
452815.99275,5472380.00950,68.80000,161,99,51,59,48,49,1.14000,141,0.00708
452804.14189,5472390.39167,68.10000,128,116,91,39,29,38,1.16000,111,0.00906
452802.22298,5472388.94352,68.20000,147,110,96,39,29,34,1.14000,128,0.00776
452800.46397,5472387.61605,68.20000,145,112,103,39,29,33,1.14000,127,0.00786
452798.54506,5472386.16790,68.20000,155,117,120,40,33,32,1.16000,134,0.00748
452796.68648,5472384.63979,68.20000,159,116,125,39,33,32,1.17000,136,0.00736
452794.76757,5472383.19164,68.20000,173,115,130,40,33,33,1.17000,147,0.00676
452792.86827,5472381.88378,68.20000,176,112,121,43,31,36,1.18000,149,0.00670
452791.26917,5472380.67699,68.20000,155,127,113,47,31,50,1.18000,131,0.00761
452789.35026,5472379.22884,68.20000,147,139,94,45,31,55,1.17000,126,0.00796
452787.43134,5472377.78069,68.20000,138,146,76,42,30,55,1.16000,119,0.00841
452785.67233,5472376.45322,68.20000,144,138,68,35,34,42,1.15000,125,0.00799
452783.83337,5472375.06540,68.20000,125,133,68,34,36,36,1.15000,109,0.00920
452782.01403,5472373.81789,68.20000,123,126,68,32,39,33,1.14000,108,0.00927
452780.25502,5472372.49041,68.20000,110,134,69,31,40,33,1.14000,97,0.01036
452778.33611,5472371.04226,68.20000,115,124,69,30,42,35,1.14000,100,0.00991
452776.43681,5472369.73440,68.20000,102,113,70,31,47,40,1.14000,89,0.01118
452774.67780,5472368.40693,68.20000,104,84,73,41,50,45,1.14000,92,0.01096
452772.85846,5472367.15941,68.20000,104,77,78,49,51,47,1.14000,91,0.01096
452770.93954,5472365.71126,68.20000,124,83,93,57,51,44,1.14000,109,0.00919
452769.18054,5472364.38379,68.20000,138,97,112,54,48,43,1.14000,122,0.00826
452767.34158,5472362.99598,68.20000,161,112,134,55,48,39,1.13000,143,0.00702
452765.42266,5472361.54783,68.30000,156,139,155,56,46,41,1.13000,138,0.00724
452763.66366,5472360.22035,68.30000,156,158,176,57,43,38,1.14000,136,0.00731
452761.84431,5472358.97283,68.30000,163,181,183,55,45,39,1.15000,142,0.00706
452760.16526,5472357.70570,68.30000,177,170,173,51,45,37,1.16000,153,0.00655
452758.56617,5472356.49891,68.30000,179,167,144,50,44,39,1.17000,154,0.00654
452756.90673,5472355.37207,68.30000,180,142,118,50,42,40,1.15000,156,0.00639
452755.22768,5472354.10494,68.30000,166,137,90,49,45,41,1.14000,146,0.00687
452753.56825,5472352.97810,68.30000,170,119,67,47,47,40,1.12000,151,0.00659
452752.04911,5472351.83164,68.30000,147,112,50,45,51,39,1.12000,131,0.00762
452750.60992,5472350.74553,68.30000,144,115,39,47,57,38,1.13000,128,0.00785
452748.99121,5472349.39844,68.30000,128,113,32,49,61,36,1.14000,113,0.00891
452747.67271,5472348.15242,68.30000,130,117,26,50,59,36,1.15000,113,0.00885
452746.73585,5472346.56696,68.30000,128,109,21,57,61,41,1.16000,111,0.00906
452745.91968,5472344.82159,68.40000,140,110,18,66,59,50,1.15000,122,0.00821
452745.60434,5472343.07772,68.40000,144,124,15,76,61,59,1.14000,126,0.00792
452746.10966,5472341.57670,68.50000,172,129,15,77,50,58,1.14000,151,0.00663
452746.53503,5472340.01534,68.50000,171,160,18,72,48,54,1.14000,149,0.00667
452747.56081,5472338.65611,68.50000,194,149,23,66,48,45,1.15000,169,0.00593
452748.40556,5472337.53674,68.60000,174,152,27,59,56,44,1.15000,151,0.00661
452749.39061,5472336.39776,68.60000,172,130,30,60,67,42,1.16000,149,0.00674
452750.33494,5472335.47903,68.70000,159,134,38,61,69,49,1.16000,137,0.00730
452751.15858,5472334.72021,68.70000,168,127,49,73,68,56,1.14000,146,0.00679
452752.26282,5472333.92215,68.80000,168,136,62,81,59,59,1.13000,148,0.00673
452753.54658,5472333.38507,68.80000,167,152,75,83,54,57,1.13000,148,0.00677
452754.92991,5472333.04863,68.80000,182,175,100,82,51,56,1.12000,162,0.00615
452756.51237,5472333.11345,68.90000,197,168,113,79,48,51,1.11000,177,0.00563
452758.07373,5472333.53882,68.90000,208,165,120,76,53,49,1.12000,186,0.00538
452759.29416,5472334.08337,68.90000,215,148,98,73,50,48,1.13000,191,0.00526
452760.59455,5472334.68826,68.90000,206,148,89,69,51,50,1.12000,183,0.00544
452762.17403,5472335.75476,69.00000,195,139,74,70,46,48,1.12000,174,0.00574
452763.77313,5472336.96155,69.00000,175,143,65,63,47,43,1.12000,156,0.00640
452765.61208,5472338.34936,69.00000,174,146,56,64,50,40,1.12000,155,0.00644
452767.53100,5472339.79752,69.00000,172,138,55,60,53,39,1.13000,153,0.00657
452769.35034,5472341.04503,69.00000,167,129,60,58,58,39,1.13000,148,0.00677
452771.20892,5472342.57314,69.00000,165,126,67,56,57,40,1.13000,145,0.00685
452773.12783,5472344.02129,69.00000,162,138,84,58,65,46,1.13000,143,0.00698
452775.04675,5472345.46945,69.00000,160,165,90,66,64,47,1.13000,141,0.00706
452776.90532,5472346.99755,68.90000,181,188,93,72,63,51,1.13000,160,0.00624
452778.90419,5472348.50604,69.00000,197,204,81,82,60,49,1.14000,173,0.00579
452780.90306,5472350.01453,69.00000,209,207,87,83,64,49,1.13000,184,0.00541
452782.90193,5472351.52303,69.00000,201,211,92,83,63,50,1.13000,178,0.00562
452784.82084,5472352.97118,69.00000,194,215,112,80,58,47,1.12000,173,0.00577
452786.73976,5472354.41933,69.00000,202,217,114,82,51,48,1.11000,183,0.00550
452788.55910,5472355.66685,68.90000,206,225,121,77,52,44,1.09000,188,0.00529
452790.47802,5472357.11500,68.90000,210,222,116,71,54,43,1.10000,191,0.00524
452792.45727,5472358.48319,68.90000,207,228,123,63,58,40,1.10000,188,0.00531
452794.31585,5472360.01130,68.90000,213,217,128,67,56,42,1.11000,192,0.00521
452796.23476,5472361.45945,68.90000,212,225,134,74,53,47,1.12000,190,0.00528
452798.23363,5472362.96794,69.00000,213,214,140,78,52,48,1.12000,190,0.00526
452799.99264,5472364.29541,69.00000,205,215,159,82,54,45,1.12000,182,0.00546
452801.91155,5472365.74357,69.00000,206,206,158,74,58,46,1.13000,183,0.00549
452803.77013,5472367.27167,69.00000,214,206,158,72,56,47,1.13000,189,0.00528
452805.64981,5472368.43923,69.00000,226,205,151,69,53,49,1.14000,198,0.00504
452807.56872,5472369.88739,69.00000,232,209,150,77,48,50,1.14000,203,0.00491
452809.40769,5472371.27520,69.00000,222,217,145,70,47,56,1.14000,195,0.00514
452811.32660,5472372.72335,69.00000,220,247,131,58,46,55,1.14000,192,0.00518
452813.02527,5472374.13077,69.00000,215,277,127,38,45,51,1.15000,187,0.00535
452814.94418,5472375.57892,69.00000,216,281,125,32,44,50,1.15000,187,0.00532
452816.76353,5472376.82644,69.00000,215,260,124,28,43,49,1.17000,184,0.00544
452806.45143,5472388.49536,68.30000,126,67,60,32,37,31,1.15000,110,0.00913
452804.69242,5472387.16789,68.30000,128,69,61,35,40,28,1.14000,112,0.00891
452802.71317,5472385.79969,68.30000,125,72,58,39,45,30,1.13000,111,0.00904
452800.85459,5472384.27159,68.30000,124,77,55,47,44,34,1.12000,110,0.00903
452798.93568,5472382.82344,68.40000,119,85,50,51,43,41,1.12000,107,0.00941
452797.07710,5472381.29533,68.30000,127,98,52,56,40,45,1.12000,113,0.00882
452795.15818,5472379.84718,68.30000,144,104,64,53,42,45,1.13000,127,0.00785
452793.37956,5472378.37941,68.30000,169,114,70,51,41,43,1.13000,150,0.00669
452791.46065,5472376.93126,68.30000,192,112,78,51,42,43,1.14000,169,0.00594
452789.54173,5472375.48311,68.30000,189,121,81,52,40,44,1.17000,162,0.00619
452787.56248,5472374.11491,68.30000,172,113,96,52,40,44,1.17000,147,0.00680
452785.64356,5472372.66676,68.30000,159,110,99,50,42,42,1.16000,138,0.00730
452783.88456,5472371.33929,68.30000,160,99,98,48,41,43,1.16000,137,0.00725
452781.96564,5472369.89114,68.30000,178,97,89,46,40,44,1.16000,154,0.00652
452780.18702,5472368.42337,68.30000,184,94,84,46,40,42,1.14000,161,0.00620
452778.42802,5472367.09590,68.30000,198,94,76,43,42,40,1.14000,173,0.00576
452776.66901,5472365.76842,68.30000,176,92,69,44,46,35,1.15000,153,0.00653
452774.78933,5472364.60086,68.30000,158,93,70,42,50,37,1.16000,136,0.00734
452772.95037,5472363.21305,68.30000,139,95,80,49,54,36,1.16000,119,0.00835
452771.19136,5472361.88558,68.30000,152,109,86,55,50,39,1.16000,131,0.00763
452769.59227,5472360.67878,68.30000,166,133,95,62,44,40,1.16000,143,0.00699
452767.71258,5472359.51122,68.30000,193,160,97,73,39,42,1.14000,169,0.00591
452765.93396,5472358.04345,68.30000,199,190,106,76,43,44,1.13000,175,0.00568
452764.17496,5472356.71598,68.40000,240,210,115,87,45,41,1.13000,213,0.00471
452762.41595,5472355.38851,68.40000,288,221,116,79,46,40,1.13000,256,0.00392
452760.65695,5472354.06103,68.40000,311,204,103,70,43,39,1.13000,275,0.00363
452758.81799,5472352.67322,68.40000,313,184,92,55,40,37,1.13000,277,0.00361
452757.37880,5472351.58711,68.40000,272,161,82,47,38,38,1.13000,241,0.00415
452755.63941,5472350.39993,68.40000,260,155,69,44,38,38,1.12000,231,0.00431
452754.04032,5472349.19314,68.40000,221,139,50,40,38,41,1.12000,198,0.00507
452752.52118,5472348.04668,68.40000,199,125,41,43,38,39,1.12000,178,0.00563
452751.14233,5472346.88061,68.40000,191,107,41,48,39,42,1.13000,169,0.00592
452749.80421,5472345.49430,68.40000,201,106,40,53,42,39,1.14000,176,0.00567
452748.94731,5472343.96918,68.40000,203,110,40,59,43,39,1.15000,176,0.00567
452748.41173,5472342.18458,68.50000,187,115,40,62,40,37,1.15000,163,0.00615
452748.51727,5472340.38186,68.50000,169,117,39,64,42,41,1.15000,147,0.00680
452748.82346,5472338.47957,68.50000,168,120,41,64,43,47,1.14000,147,0.00679
452749.26993,5472336.55767,68.60000,170,126,43,68,44,48,1.14000,149,0.00671
452750.23686,5472334.77756,68.60000,176,129,47,67,42,52,1.12000,157,0.00636
452751.16307,5472333.21769,68.70000,176,125,53,61,43,48,1.12000,157,0.00636
452752.42870,5472332.03948,68.70000,192,128,63,54,49,47,1.12000,171,0.00583
452753.87387,5472331.12224,68.70000,186,116,77,54,54,45,1.13000,165,0.00608
452755.49856,5472330.46598,68.80000,175,115,104,60,56,47,1.13000,154,0.00646
452757.26204,5472330.29094,68.80000,157,111,104,61,56,47,1.14000,138,0.00726
452758.92447,5472330.41610,68.80000,157,116,92,63,59,43,1.14000,137,0.00726
452760.58540,5472331.04210,68.90000,180,137,64,58,64,42,1.14000,158,0.00633
452762.18599,5472331.74806,68.90000,197,154,53,63,60,45,1.13000,174,0.00574
452763.74585,5472332.67426,68.90000,204,160,41,65,54,49,1.13000,181,0.00554
452765.26499,5472333.82071,68.90000,190,149,31,75,54,47,1.13000,169,0.00595
452766.86409,5472335.02751,68.90000,198,142,27,78,59,46,1.12000,176,0.00566
452768.62309,5472336.35498,68.90000,210,164,26,80,60,47,1.12000,187,0.00533
452770.52239,5472337.66284,68.90000,222,187,24,77,59,48,1.12000,199,0.00505
452772.38096,5472339.19094,68.90000,205,195,20,75,58,48,1.12000,182,0.00546
452774.29988,5472340.63910,68.90000,192,208,18,73,58,49,1.13000,169,0.00589
452776.15845,5472342.16720,68.90000,191,203,17,76,59,49,1.13000,168,0.00592
452778.23728,5472343.73603,68.90000,201,201,20,75,61,47,1.13000,178,0.00562
452780.15619,5472345.18418,68.90000,216,186,27,76,70,45,1.13000,191,0.00523
452782.17467,5472346.83297,68.90000,218,174,32,73,76,50,1.12000,195,0.00514
452784.15393,5472348.20117,68.90000,217,166,51,80,82,58,1.11000,197,0.00512
452786.29309,5472349.69004,68.90000,211,165,71,92,80,64,1.11000,190,0.00526
452788.47149,5472351.45951,68.90000,219,168,135,101,75,66,1.11000,197,0.00507
452790.55031,5472353.02834,68.90000,231,193,140,103,77,68,1.12000,206,0.00485
452792.40889,5472354.55644,68.90000,236,192,140,102,83,65,1.13000,208,0.00479
452794.60839,5472355.96537,68.90000,241,216,84,98,89,64,1.13000,213,0.00469
452796.68721,5472357.53420,68.90000,239,207,71,103,87,67,1.14000,210,0.00477
452798.70570,5472359.18298,68.90000,233,215,61,112,82,71,1.15000,203,0.00494
452800.78452,5472360.75181,68.90000,231,200,69,116,71,74,1.16000,200,0.00502
452802.70344,5472362.19996,69.00000,241,214,84,114,64,69,1.17000,207,0.00485
452804.90294,5472363.60888,69.00000,261,212,91,104,55,65,1.17000,223,0.00448
452806.82185,5472365.05704,69.00000,258,214,100,92,54,58,1.17000,220,0.00453
452808.84034,5472366.70582,69.00000,243,188,96,79,52,51,1.17000,207,0.00481
452810.75925,5472368.15397,69.00000,229,168,102,66,48,45,1.16000,196,0.00507
452812.83808,5472369.72280,69.00000,236,139,94,60,43,44,1.16000,203,0.00492
452814.59708,5472371.05027,69.00000,219,131,86,55,40,41,1.16000,188,0.00530
452816.51600,5472372.49842,69.00000,207,119,67,52,44,38,1.15000,180,0.00556
452818.49525,5472373.86662,69.00000,189,113,61,51,47,40,1.14000,165,0.00603
452820.41417,5472375.31477,69.10000,186,109,62,50,50,41,1.13000,165,0.00608
452810.39162,5472383.93943,68.60000,142,106,72,35,38,35,1.15000,123,0.00810
452808.47271,5472382.49128,68.60000,135,110,73,39,46,33,1.15000,117,0.00852
452806.47384,5472380.98279,68.60000,138,104,78,45,56,35,1.16000,119,0.00841
452804.55492,5472379.53464,68.60000,138,105,84,51,60,36,1.17000,118,0.00848
452802.51533,5472378.24640,68.60000,144,105,99,58,60,41,1.17000,123,0.00813
452800.59641,5472376.79825,68.60000,155,123,94,54,57,39,1.17000,132,0.00755
452798.67750,5472375.35009,68.60000,167,145,90,48,53,42,1.18000,141,0.00707
452796.59867,5472373.78126,68.60000,192,172,75,39,55,42,1.19000,162,0.00620
452794.90001,5472372.37384,68.60000,203,171,72,37,52,48,1.17000,173,0.00576
452792.92075,5472371.00564,68.50000,202,162,68,36,51,60,1.16000,174,0.00574
452791.16175,5472369.67817,68.50000,178,145,65,36,48,60,1.16000,154,0.00652
452789.38313,5472368.21040,68.50000,162,155,64,37,47,56,1.15000,141,0.00710
452787.52455,5472366.68229,68.50000,171,160,64,37,47,43,1.13000,150,0.00661
452785.82589,5472365.27487,68.50000,170,173,63,37,48,41,1.14000,149,0.00671
452783.90697,5472363.82672,68.50000,179,171,65,42,51,38,1.14000,156,0.00637
452782.14797,5472362.49924,68.50000,176,173,73,46,56,36,1.15000,153,0.00653
452780.30901,5472361.11143,68.50000,175,168,76,55,62,37,1.15000,152,0.00657
452778.55000,5472359.78396,68.50000,172,164,89,57,60,39,1.16000,148,0.00674
452776.79100,5472358.45649,68.50000,182,161,80,67,57,41,1.16000,157,0.00637
452775.03199,5472357.12901,68.50000,197,158,74,62,49,42,1.17000,168,0.00594
452773.03312,5472355.62052,68.50000,201,148,49,62,54,44,1.18000,170,0.00587
452771.27412,5472354.29305,68.60000,186,135,40,50,56,46,1.19000,157,0.00640
452769.57545,5472352.88562,68.60000,169,115,37,53,56,47,1.18000,144,0.00698
452767.65654,5472351.43747,68.60000,147,112,42,50,54,47,1.17000,126,0.00796
452766.11778,5472350.15072,68.60000,134,111,53,58,57,53,1.16000,115,0.00866
452764.27882,5472348.76291,68.60000,146,134,63,58,66,52,1.14000,128,0.00781
452762.61939,5472347.63607,68.60000,168,135,77,65,65,56,1.13000,149,0.00673
452760.86038,5472346.30860,68.60000,175,151,88,70,67,57,1.13000,154,0.00646
452759.18133,5472345.04147,68.60000,171,139,104,83,58,63,1.14000,150,0.00667
452757.64258,5472343.75472,68.60000,165,156,117,80,60,63,1.13000,146,0.00685
452756.02387,5472342.40763,68.60000,190,147,154,81,51,58,1.12000,169,0.00589
452754.38554,5472340.92025,68.60000,190,148,163,68,49,53,1.12000,169,0.00589
452753.30839,5472339.35440,68.70000,213,139,167,70,44,47,1.13000,189,0.00531
452752.39265,5472337.40840,68.70000,201,141,145,60,42,42,1.13000,177,0.00562
452752.19799,5472335.50462,68.80000,203,143,135,63,41,41,1.13000,179,0.00557
452752.34427,5472333.48165,68.80000,177,134,126,55,44,40,1.14000,155,0.00644
452752.69117,5472331.35912,68.80000,186,123,112,54,50,42,1.15000,162,0.00618
452753.61738,5472329.79925,68.80000,190,107,102,48,52,42,1.14000,166,0.00600
452754.86340,5472328.48075,68.80000,187,102,93,51,54,41,1.13000,166,0.00604
452756.38852,5472327.62385,68.90000,163,104,88,59,50,38,1.13000,145,0.00693
452758.11278,5472327.16822,68.90000,169,107,87,62,51,37,1.13000,150,0.00669
452760.01506,5472327.47440,68.90000,162,108,86,66,51,38,1.13000,144,0.00698
452761.35617,5472327.85904,68.90000,181,108,86,69,56,40,1.12000,161,0.00619
452762.67618,5472328.60423,69.00000,166,127,85,69,62,43,1.13000,147,0.00681
452764.13647,5472329.32980,69.00000,177,137,85,71,63,48,1.12000,157,0.00633
452765.83663,5472330.23639,69.00000,171,139,85,72,64,50,1.11000,154,0.00649
452767.43572,5472331.44318,69.00000,174,126,85,82,63,50,1.10000,159,0.00632
452769.19473,5472332.77065,69.00000,170,138,86,81,62,52,1.10000,154,0.00647
452771.13326,5472334.35910,69.00000,181,154,96,81,59,55,1.10000,164,0.00608
452773.21208,5472335.92793,69.00000,189,159,108,80,57,56,1.10000,172,0.00582
452775.27129,5472337.35647,69.00000,192,164,126,80,54,55,1.11000,174,0.00578
452777.35011,5472338.92530,69.00000,197,171,120,77,53,50,1.11000,177,0.00563
452779.34898,5472340.43379,69.00000,207,178,116,76,51,51,1.10000,189,0.00531
452781.28751,5472342.02224,69.00000,218,167,108,74,53,52,1.09000,200,0.00500
452783.36634,5472343.59107,69.00000,211,158,115,76,58,59,1.09000,195,0.00517
452785.44516,5472345.15990,69.10000,226,164,121,68,78,60,1.09000,208,0.00482
452787.42441,5472346.52809,69.10000,228,182,128,69,95,64,1.10000,207,0.00482
452789.50324,5472348.09692,69.10000,251,215,152,68,100,64,1.11000,226,0.00442
452791.58206,5472349.66576,69.10000,251,230,169,80,92,69,1.11000,226,0.00442
452793.50098,5472351.11391,69.10000,277,235,208,87,80,69,1.11000,248,0.00401
452795.33994,5472352.50172,69.10000,281,221,202,98,76,68,1.12000,250,0.00399
452797.31919,5472353.86992,69.10000,290,227,208,104,68,61,1.12000,259,0.00386
452799.07819,5472355.19739,69.10000,268,236,189,106,66,56,1.12000,239,0.00418
452800.73763,5472356.32422,69.10000,260,237,195,98,70,53,1.14000,228,0.00438
452802.31711,5472357.39072,69.10000,246,215,187,86,66,57,1.14000,216,0.00463
452803.79702,5472358.25659,69.10000,247,189,192,82,61,55,1.13000,218,0.00457
452805.07630,5472359.22202,69.10000,225,168,185,88,49,65,1.14000,197,0.00507
452806.37519,5472360.32775,69.10000,208,163,194,82,44,59,1.14000,182,0.00548
452807.83399,5472361.55416,69.10000,195,156,167,76,39,61,1.14000,171,0.00585
452809.37275,5472362.84090,69.20000,200,178,150,61,40,47,1.14000,175,0.00570
452811.29166,5472364.28906,69.20000,207,168,114,55,44,46,1.14000,182,0.00551
452813.37049,5472365.85789,69.20000,192,157,96,56,46,41,1.13000,171,0.00589
452815.38897,5472367.50667,69.20000,165,114,80,53,45,45,1.11000,148,0.00673
452817.46779,5472369.07550,69.10000,130,111,76,53,44,44,1.11000,117,0.00854
452819.44705,5472370.44370,69.10000,131,109,75,49,44,45,1.11000,118,0.00847
452821.36596,5472371.89185,69.10000,125,135,76,49,45,40,1.11000,113,0.00888
452813.02396,5472381.28280,68.80000,175,140,73,44,35,32,1.16000,150,0.00663
452811.14428,5472380.11524,68.80000,180,141,71,43,42,32,1.15000,156,0.00639
452809.28570,5472378.58713,68.70000,185,127,71,49,47,32,1.14000,162,0.00616
452807.44674,5472377.19932,68.80000,186,134,71,51,55,35,1.13000,165,0.00608
452805.52783,5472375.75117,68.70000,193,152,73,58,52,39,1.13000,170,0.00585
452803.66925,5472374.22306,68.80000,213,171,74,62,53,40,1.15000,185,0.00540
452801.91025,5472372.89559,68.80000,219,177,75,66,53,40,1.16000,188,0.00530
452799.93099,5472371.52740,68.80000,216,171,75,62,60,38,1.16000,185,0.00537
452798.01208,5472370.07925,68.70000,204,150,74,62,59,40,1.14000,178,0.00559
452796.17312,5472368.69143,68.70000,188,134,73,63,56,47,1.13000,166,0.00601
452794.25420,5472367.24328,68.70000,179,136,72,71,54,48,1.13000,159,0.00631
452792.17538,5472365.67445,68.70000,179,143,70,74,53,51,1.11000,161,0.00620
452790.13578,5472364.38621,68.70000,203,174,68,75,52,53,1.11000,182,0.00547
452788.05696,5472362.81738,68.70000,229,164,65,74,50,62,1.12000,204,0.00489
452786.29795,5472361.48991,68.70000,236,167,64,70,49,65,1.12000,211,0.00475
452784.53895,5472360.16243,68.70000,239,143,62,69,46,66,1.12000,213,0.00469
452782.62003,5472358.71428,68.70000,219,141,59,62,47,57,1.14000,193,0.00521
452780.86103,5472357.38681,68.70000,208,149,56,58,46,52,1.15000,181,0.00553
452778.96173,5472356.07895,68.70000,185,160,58,53,45,43,1.15000,160,0.00622
452777.04282,5472354.63080,68.70000,178,155,66,51,43,41,1.15000,154,0.00646
452775.28381,5472353.30333,68.80000,162,134,81,49,43,44,1.14000,142,0.00704
452773.42524,5472351.77522,68.80000,145,110,109,46,52,45,1.13000,128,0.00779
452771.50632,5472350.32707,68.80000,147,107,123,50,53,44,1.12000,131,0.00762
452769.74732,5472348.99960,68.80000,140,106,137,52,56,41,1.13000,124,0.00807
452767.68811,5472347.57106,68.80000,143,105,136,63,53,42,1.13000,126,0.00790
452765.92910,5472346.24359,68.80000,132,103,143,66,51,44,1.14000,117,0.00864
452764.01019,5472344.79544,68.80000,139,103,144,72,46,51,1.15000,121,0.00827
452762.25118,5472343.46796,68.80000,149,113,164,69,45,54,1.15000,129,0.00772
452760.49218,5472342.14049,68.80000,156,123,161,68,46,54,1.15000,136,0.00737
452758.65322,5472340.75268,68.80000,162,130,163,65,49,47,1.17000,138,0.00722
452756.85498,5472339.14462,68.80000,157,133,138,65,45,49,1.19000,132,0.00758
452755.43691,5472337.69796,68.80000,166,153,131,64,45,50,1.19000,140,0.00717
452754.24058,5472335.79119,68.80000,163,164,117,60,44,54,1.18000,138,0.00724
452753.68538,5472333.86630,68.80000,161,155,115,54,43,48,1.18000,136,0.00733
452753.45149,5472331.68192,68.80000,155,128,111,53,44,46,1.16000,134,0.00748
452753.89797,5472329.76002,68.80000,148,110,127,58,43,43,1.12000,132,0.00757
452754.56469,5472327.87884,68.90000,155,110,120,60,48,43,1.12000,138,0.00723
452755.47128,5472326.17868,68.90000,152,126,120,58,45,43,1.13000,135,0.00743
452756.47744,5472324.67916,68.90000,181,127,103,56,54,45,1.13000,160,0.00624
452757.56356,5472323.23997,69.00000,195,141,103,62,56,50,1.14000,171,0.00585
452758.80958,5472321.92147,69.00000,208,126,103,60,57,54,1.15000,181,0.00553
452760.05560,5472320.60296,69.10000,186,139,102,65,50,52,1.16000,160,0.00624
452761.28201,5472319.14416,69.10000,176,121,102,59,44,47,1.16000,152,0.00659
452762.48880,5472317.54507,69.10000,175,135,99,58,41,42,1.16000,152,0.00663
452763.57492,5472316.10588,69.20000,180,127,100,55,38,41,1.16000,155,0.00644
452828.05768,5472365.02022,69.40000,160,116,117,60,30,39,1.16000,138,0.00725
452826.13877,5472363.57207,69.40000,156,114,121,56,41,37,1.15000,135,0.00737
452824.44010,5472362.16464,69.40000,147,103,101,46,46,41,1.16000,127,0.00789
452822.36128,5472360.59581,69.40000,134,100,90,45,56,43,1.16000,115,0.00866
452820.60227,5472359.26834,69.40000,135,111,77,48,57,45,1.15000,117,0.00852
452818.68336,5472357.82019,69.40000,145,129,51,55,58,45,1.15000,126,0.00793
452816.86401,5472356.57267,69.40000,162,151,44,60,55,47,1.15000,141,0.00710
452814.92549,5472354.98423,69.40000,183,153,52,72,53,46,1.13000,162,0.00617
452812.84666,5472353.41540,69.40000,196,151,68,76,55,49,1.13000,174,0.00577
452810.92775,5472351.96725,69.30000,207,153,106,83,59,49,1.13000,183,0.00546
452809.00883,5472350.51910,69.30000,201,156,138,77,61,53,1.13000,178,0.00562
452807.08992,5472349.07094,69.30000,197,169,147,78,67,48,1.12000,175,0.00569
452804.95075,5472347.58207,69.30000,199,166,133,78,71,45,1.13000,176,0.00568
452802.97150,5472346.21387,69.30000,199,182,110,83,77,43,1.14000,174,0.00573
452800.95302,5472344.56509,69.30000,213,183,105,93,71,54,1.14000,187,0.00535
452798.87419,5472342.99626,69.20000,228,193,112,96,68,58,1.14000,200,0.00500
452796.79537,5472341.42743,69.30000,267,222,110,111,63,60,1.15000,233,0.00431
452794.93679,5472339.89932,69.30000,279,236,120,106,65,55,1.14000,244,0.00409
452792.63772,5472338.28977,69.30000,281,234,106,106,64,53,1.12000,251,0.00399
452790.71881,5472336.84161,69.30000,264,201,106,93,72,52,1.11000,238,0.00420
452788.79989,5472335.39346,69.30000,255,199,96,89,73,47,1.10000,232,0.00431
452787.20080,5472334.18667,69.20000,252,203,100,86,69,51,1.09000,232,0.00433
452785.42218,5472332.71890,69.30000,253,220,104,86,57,52,1.09000,233,0.00431
452783.82308,5472331.51211,69.30000,253,234,119,88,52,60,1.10000,231,0.00435
452782.06408,5472330.18464,69.30000,240,253,111,107,51,65,1.10000,219,0.00458
452780.30507,5472328.85717,69.30000,240,276,101,102,45,67,1.09000,219,0.00454
452778.32582,5472327.48897,69.30000,265,267,76,110,45,58,1.10000,241,0.00415
452776.54720,5472326.02120,69.30000,287,236,61,90,41,46,1.10000,261,0.00383
452774.78820,5472324.69373,69.30000,261,183,48,84,48,43,1.10000,238,0.00421
452772.86928,5472323.24558,69.30000,228,147,38,68,46,48,1.10000,206,0.00482
452771.17062,5472321.83815,69.20000,187,131,38,61,49,51,1.12000,167,0.00599
452769.51268,5472320.21047,69.20000,177,128,39,62,45,50,1.12000,158,0.00633
452768.23639,5472318.24336,69.20000,167,144,40,60,49,45,1.13000,148,0.00677
452825.84772,5472367.11716,69.30000,154,121,145,46,53,44,1.15000,134,0.00747
452823.54865,5472365.50761,69.30000,149,115,123,46,59,43,1.14000,130,0.00765
452821.46982,5472363.93878,69.30000,147,109,109,46,73,46,1.14000,129,0.00776
452819.55091,5472362.49063,69.30000,135,100,94,45,73,52,1.13000,119,0.00837
452817.53242,5472360.84184,69.30000,122,97,87,48,75,60,1.13000,108,0.00926
452815.45360,5472359.27301,69.30000,118,97,88,51,66,61,1.14000,103,0.00966
452813.53469,5472357.82486,69.30000,126,105,90,56,73,60,1.16000,109,0.00921
452811.45586,5472356.25603,69.30000,140,116,104,59,74,53,1.17000,120,0.00836
452809.37704,5472354.68720,69.20000,185,140,112,62,81,56,1.16000,160,0.00627
452807.29821,5472353.11837,69.20000,208,166,127,65,75,53,1.15000,180,0.00553
452805.27973,5472351.46959,69.20000,229,178,129,71,72,53,1.15000,200,0.00502
452803.18129,5472349.76046,69.20000,211,178,144,84,65,49,1.13000,188,0.00536
452801.10247,5472348.19163,69.20000,222,187,158,88,64,46,1.11000,200,0.00500
452799.08398,5472346.54285,69.20000,235,220,177,92,68,42,1.11000,212,0.00472
452797.22541,5472345.01474,69.20000,247,234,201,87,68,36,1.11000,222,0.00449
452795.08624,5472343.52587,69.20000,249,244,231,90,69,34,1.11000,225,0.00446
452792.84751,5472341.83636,69.20000,243,238,239,84,69,36,1.11000,219,0.00457
452790.92860,5472340.38820,69.20000,247,260,237,81,73,44,1.11000,221,0.00449
452788.84977,5472338.81937,69.20000,249,266,209,68,77,48,1.11000,223,0.00446
452786.93086,5472337.37122,69.20000,259,258,206,67,81,56,1.11000,234,0.00429
452784.73135,5472335.96230,69.20000,250,245,181,66,78,59,1.11000,226,0.00444
452782.81244,5472334.51415,69.20000,250,218,164,88,74,64,1.11000,225,0.00444
452780.89353,5472333.06600,69.20000,226,212,155,105,67,59,1.10000,206,0.00487
452778.81470,5472331.49717,69.20000,217,216,147,109,65,54,1.10000,197,0.00507
452776.81583,5472329.98868,69.20000,221,229,142,95,59,48,1.11000,200,0.00502
452774.77624,5472328.70043,69.20000,238,219,114,83,50,46,1.10000,215,0.00462
452772.85733,5472327.25228,69.20000,230,185,101,80,46,43,1.10000,209,0.00478
452771.09832,5472325.92481,69.20000,207,155,84,77,42,42,1.11000,186,0.00536
452769.17941,5472324.47666,69.20000,177,154,66,74,39,44,1.11000,159,0.00627
452767.42040,5472323.14918,69.10000,180,150,53,65,36,47,1.11000,163,0.00617
452765.74285,5472321.38121,69.10000,180,147,48,63,36,57,1.11000,161,0.00617
452764.92668,5472319.63585,69.10000,183,138,56,58,37,61,1.12000,163,0.00612
452764.79236,5472317.65211,69.20000,173,127,64,59,42,58,1.12000,154,0.00647
452765.33841,5472315.93084,69.20000,169,121,76,60,45,44,1.13000,150,0.00669
452823.65439,5472370.35608,69.20000,115,80,24,47,42,38,1.15000,100,0.01000
452821.55445,5472369.14779,69.20000,109,76,23,54,42,35,1.15000,95,0.01055
452819.63554,5472367.69964,69.20000,100,84,31,55,44,34,1.15000,86,0.01150
452818.11789,5472366.05235,69.20000,105,87,39,54,52,35,1.16000,90,0.01105
452816.38000,5472364.36434,69.20000,106,106,48,51,53,37,1.16000,91,0.01094
452814.52142,5472362.83623,69.20000,119,104,61,54,52,38,1.16000,102,0.00975
452812.58289,5472361.24779,69.20000,116,122,69,60,53,37,1.17000,99,0.01009
452810.44373,5472359.75891,69.20000,124,124,74,60,57,36,1.17000,106,0.00944
452808.52481,5472358.31076,69.20000,126,140,70,57,63,36,1.16000,109,0.00921
452806.36603,5472356.68159,69.10000,147,140,70,58,56,37,1.15000,128,0.00782
452804.34755,5472355.03280,69.10000,162,156,75,62,52,41,1.14000,142,0.00704
452802.42863,5472353.58465,69.10000,183,176,83,75,48,49,1.14000,161,0.00623
452800.41015,5472351.93587,69.10000,189,196,103,83,52,53,1.13000,167,0.00598
452798.17142,5472350.24636,69.10000,210,208,116,91,63,59,1.13000,186,0.00538
452796.03225,5472348.75748,69.10000,218,221,149,88,71,56,1.14000,192,0.00523
452794.01377,5472347.10870,69.10000,244,222,159,94,77,55,1.14000,214,0.00467
452791.77503,5472345.41919,69.10000,246,212,192,99,83,50,1.13000,217,0.00459
452789.69621,5472343.85036,69.10000,246,209,183,104,85,49,1.12000,219,0.00455
452787.45748,5472342.16085,69.10000,239,215,185,104,94,49,1.12000,213,0.00469
452785.43899,5472340.51206,69.10000,237,214,170,116,86,50,1.12000,212,0.00473
452783.29983,5472339.02318,69.10000,241,209,153,123,83,50,1.11000,217,0.00461
452781.22101,5472337.45435,69.10000,248,222,130,121,71,50,1.11000,224,0.00448
452779.30209,5472336.00620,69.10000,262,244,91,114,67,54,1.11000,236,0.00424
452777.22327,5472334.43737,69.20000,262,238,71,110,68,54,1.10000,238,0.00420
452775.08411,5472332.94850,69.20000,252,229,61,107,62,55,1.10000,229,0.00437
452773.26476,5472331.70098,69.20000,234,217,64,95,62,49,1.11000,211,0.00474
452771.34585,5472330.25283,69.20000,225,211,61,82,56,49,1.10000,204,0.00489
452769.64718,5472328.84540,69.20000,206,187,57,77,56,48,1.10000,187,0.00534
452767.78861,5472327.31729,69.10000,193,173,51,74,55,48,1.11000,175,0.00575
452766.07033,5472325.76957,69.10000,177,158,45,75,52,46,1.11000,160,0.00627
452764.67336,5472323.96237,69.10000,179,152,38,69,50,45,1.12000,160,0.00626
452763.71689,5472322.23662,69.10000,174,144,39,66,46,42,1.13000,154,0.00649
452762.98217,5472320.05075,69.10000,181,143,55,60,47,42,1.14000,159,0.00630
452763.08921,5472317.74720,69.20000,175,134,90,55,45,37,1.15000,153,0.00657
452763.77705,5472315.50547,69.20000,174,124,120,48,42,39,1.15000,151,0.00661
452831.48957,5472362.96698,69.50000,103,124,113,71,38,24,1.15000,89,0.01117
452829.41075,5472361.39816,69.50000,120,128,110,66,36,22,1.16000,104,0.00967
452827.43149,5472360.02996,69.50000,114,115,108,76,35,27,1.16000,98,0.01018
452825.29233,5472358.54108,69.50000,111,109,100,77,36,36,1.16000,95,0.01045
452823.37341,5472357.09293,69.40000,88,105,94,77,40,49,1.17000,75,0.01330
452821.23425,5472355.60406,69.50000,87,117,93,64,46,58,1.17000,75,0.01345
452819.09509,5472354.11518,69.40000,96,115,96,61,57,64,1.17000,82,0.01219
452817.07660,5472352.46640,69.40000,121,127,97,65,63,64,1.17000,103,0.00967
452814.99778,5472350.89757,69.40000,138,121,95,69,79,63,1.17000,118,0.00848
452763.61863,5472314.88396,69.10000,150,111,108,59,70,48,1.15000,130,0.00767
452762.81311,5472316.28391,69.10000,151,103,111,65,70,46,1.16000,131,0.00768
452761.78733,5472317.64314,69.10000,142,114,115,63,70,44,1.17000,122,0.00824
452760.82190,5472318.92242,69.00000,125,133,132,61,73,40,1.16000,107,0.00928
452759.79612,5472320.28165,69.00000,140,146,132,57,66,38,1.16000,120,0.00829
452758.64967,5472321.80079,69.00000,140,155,141,63,56,37,1.17000,120,0.00836
452757.50322,5472323.31993,68.90000,150,148,127,69,47,38,1.17000,128,0.00780
452756.29642,5472324.91902,68.90000,138,146,123,75,40,37,1.16000,120,0.00841
452755.29026,5472326.41855,68.90000,157,137,95,66,34,34,1.14000,137,0.00726
452754.36406,5472327.97841,68.80000,154,137,73,54,34,26,1.13000,136,0.00734
452753.27794,5472329.41760,68.80000,166,141,48,39,37,21,1.11000,149,0.00669
452752.25217,5472330.77683,68.80000,158,139,35,36,40,16,1.11000,142,0.00703
452751.16605,5472332.21602,68.80000,179,140,24,36,44,14,1.12000,160,0.00626
452750.01960,5472333.73516,68.70000,176,140,24,41,47,12,1.12000,157,0.00636
452748.93349,5472335.17434,68.70000,183,137,31,44,48,14,1.13000,162,0.00617
452747.78703,5472336.69348,68.60000,165,131,39,49,47,19,1.15000,144,0.00697
452746.80049,5472338.33330,68.50000,163,113,48,49,44,32,1.15000,142,0.00706
452745.77471,5472339.69253,68.50000,162,106,54,51,42,38,1.15000,141,0.00710
452744.84851,5472341.25240,68.40000,167,105,59,48,40,43,1.15000,145,0.00689
452743.98264,5472342.73231,68.30000,177,99,58,55,44,39,1.16000,153,0.00655
452743.29780,5472343.97235,68.30000,166,94,58,56,41,41,1.16000,144,0.00699
452742.65218,5472345.49299,68.30000,157,83,57,60,38,41,1.15000,136,0.00732
452742.06690,5472346.93367,68.20000,145,87,56,53,27,41,1.16000,125,0.00800
452741.80145,5472348.61571,68.20000,136,88,55,57,23,42,1.15000,118,0.00846
452741.63705,5472349.99754,68.10000,124,90,57,57,20,38,1.14000,109,0.00919
452742.01273,5472351.66146,68.00000,112,86,61,62,18,34,1.14000,98,0.01018
452742.56942,5472353.08551,68.00000,112,92,65,58,18,26,1.14000,98,0.01018
452743.24680,5472354.34966,67.90000,120,88,72,60,18,22,1.13000,106,0.00942
452744.16553,5472355.29398,67.90000,117,91,76,58,19,22,1.12000,105,0.00957
452745.30451,5472356.27903,67.90000,114,88,80,59,19,27,1.12000,102,0.00982
452746.56417,5472357.10418,67.90000,105,88,80,51,20,43,1.13000,93,0.01076
452747.82384,5472357.92932,67.90000,103,85,81,52,21,51,1.12000,92,0.01087
452749.04427,5472358.47387,67.90000,104,81,86,49,23,59,1.12000,92,0.01077
452750.34465,5472359.07876,67.90000,111,79,89,49,25,59,1.13000,99,0.01018
452751.48513,5472359.56297,67.90000,123,74,93,45,27,59,1.13000,109,0.00919
452752.72518,5472360.24782,67.90000,126,67,107,49,31,53,1.11000,113,0.00881
452754.32576,5472360.95377,68.00000,127,66,101,48,33,42,1.11000,115,0.00874
452755.64577,5472361.69896,68.00000,124,66,94,51,36,30,1.10000,112,0.00887
452757.38665,5472362.38530,68.00000,123,68,68,46,36,23,1.10000,112,0.00894
452758.98724,5472363.09125,68.00000,123,71,59,46,39,15,1.10000,112,0.00894
452760.70851,5472363.63730,68.00000,117,73,52,42,42,14,1.11000,105,0.00949
452762.41016,5472364.04305,68.00000,114,75,49,43,47,10,1.12000,102,0.00982
452764.19177,5472364.50914,68.10000,105,75,51,43,49,8,1.13000,93,0.01076
452766.03372,5472364.89528,68.10000,116,78,57,43,51,10,1.13000,103,0.00974
452767.95562,5472365.34175,68.10000,117,83,59,44,49,14,1.13000,104,0.00966
452769.67689,5472365.88780,68.10000,124,84,62,45,47,23,1.13000,109,0.00911
452771.47812,5472366.49418,68.10000,111,89,59,51,45,34,1.14000,97,0.01027
452772.89769,5472367.44000,68.10000,118,87,63,52,47,46,1.15000,103,0.00975
452774.07590,5472368.70564,68.10000,111,95,71,56,49,54,1.15000,97,0.01036
452774.63260,5472370.12970,68.10000,128,94,70,50,48,64,1.16000,110,0.00906
452774.84836,5472371.67293,68.00000,121,96,70,46,48,72,1.17000,104,0.00967
452774.34304,5472373.17395,68.00000,106,88,64,35,44,79,1.17000,91,0.01104
452773.81811,5472374.53468,67.90000,70,81,62,30,42,86,1.17000,60,0.01671
452772.87378,5472375.45341,67.80000,36,71,66,27,36,90,1.18000,31,0.03278
