"tensio_id";"parzelle_id";"bodensaugspannung_0020_hPa";"bodensaugspannung_2040_hPa";"bodensaugspannung_4060_hPa";"messgenauigkeit_id";"zeit_messung"
1;17;49.19235;NA;30.9499;10;1596103206
2;30;53.9547;58.7825;38.6605;10;1596103206
3;17;51.86995;21.34785;43.4825;10;1596106806
4;30;58.10705;62.008;54.7375;10;1596106806
5;17;51.39315;30.2495;45.945;10;1596110406
6;30;57.4511;62.05;58.0975;10;1596110406
7;17;51.82945;35.33435;48.024;10;1596114006
8;30;57.20835;62.8405;60.0085;10;1596114006
9;17;50.87495;36.77735;48.569;10;1596117606
10;30;56.5487;62.3145;60.4755;10;1596117606
11;17;56.81795;54.26065;52.968;10;1596121206
12;30;61.83455;66.168;63.2985;10;1596121206
13;17;55.05835;54.3409;51.8775;10;1596124806
14;30;61.71385;65.3375;64.7015;10;1596124806
15;17;56.7016;53.26685;52.483;10;1596128407
16;30;61.5718;64.4035;63.0885;10;1596128407
17;17;53.974;47.25475;51.7365;10;1596132007
18;30;56.3443;63.2675;61.21;10;1596132007
19;17;50.87865;48.3909;53.028;10;1596135607
20;30;52.58415;63.3275;62.1075;10;1596135607
21;17;50.0428;56.3215;55.207;10;1596139207
22;30;51.40115;66.047;64.965;10;1596139207
23;17;49.16405;60.225;55.873;10;1596142807
24;30;50.03885;66.7985;66.2895;10;1596142807
25;17;48.76815;60.9595;54.8635;10;1596146407
26;30;49.8012;67.206;68.047;10;1596146407
27;17;48.4337;59.294;54.9245;10;1596150006
28;30;49.2001;67.205;67.9855;10;1596150006
29;17;47.88455;59.008;55.0455;10;1596153606
30;30;49.1199;67.165;68.598;10;1596153606
31;17;48.1701;58.316;55.3085;10;1596157206
32;30;49.5639;67.3475;68.9445;10;1596157206
33;17;47.6186;57.953;55.0655;10;1596160806
34;30;49.22125;67.084;68.516;10;1596160806
35;17;48.00955;58.5025;55.289;10;1596164406
36;30;49.8868;67.1245;69.3315;10;1596164406
37;17;47.71535;59.072;55.349;10;1596168006
38;30;50.22975;67.348;69.6795;10;1596168006
39;17;48.17375;59.6405;55.7125;10;1596171606
40;30;50.73255;67.4085;70.5785;10;1596171606
41;17;47.68965;59.215;55.4695;10;1596175207
42;30;50.4524;67.1845;69.413;10;1596175207
43;17;44.8909;53.6665;54.9255;10;1596178807
44;30;48.7234;65.6835;66.6375;10;1596178807
45;17;43.33235;50.61815;53.5735;10;1596182407
46;30;47.1979;63.897;64.2885;10;1596182407
47;17;41.9158;44.4987;52.6055;10;1596186007
48;30;46.092;62.9635;63.248;10;1596186007
49;17;41.0922;42.38415;52.161;10;1596189607
50;30;44.88855;61.8275;62.372;10;1596189607
51;17;40.3216;39.61765;51.839;10;1596193207
52;30;44.10465;61.3395;60.824;10;1596193207
53;17;39.9049;38.2558;52.1615;10;1596196806
54;30;43.6406;60.5075;60.1905;10;1596196806
55;17;40.14625;37.8078;53.091;10;1596200406
56;30;43.3609;60.446;59.9455;10;1596200406
57;17;41.58485;47.6287;55.2895;10;1596204006
58;30;44.5456;61.1155;61.5;10;1596204006
59;17;39.78135;37.30185;53.2715;10;1596207606
60;30;42.69835;59.2885;59.254;10;1596207606
61;17;39.5313;38.60195;52.7875;10;1596211206
62;30;42.61775;58.05;58.8665;10;1596211206
63;17;41.43555;46.1844;55.0075;10;1596214806
64;30;44.34625;59.309;59.291;10;1596214806
65;17;43.66935;44.76365;56.481;10;1596218406
66;30;44.32755;58.9225;58.907;10;1596218406
67;17;43.8679;45.6804;57.3475;10;1596222006
68;30;45.9951;59.7955;60.804;10;1596222006
69;17;49.1442;57.1245;61.161;10;1596225606
70;30;50.57265;64.1175;66.478;10;1596225606
71;17;49.9848;58.0835;59.9105;10;1596229206
72;30;52.84085;65.9855;67.2725;10;1596229206
73;17;51.99565;58.29;58.356;10;1596232806
74;30;54.4844;65.6425;68.845;10;1596232806
75;17;52.3903;57.2535;57.892;10;1596236406
76;30;55.633;65.622;68.7815;10;1596236406
77;17;53.85095;57.418;57.691;10;1596240006
78;30;57.1977;66.1905;69.9645;10;1596240006
79;17;54.72585;56.2795;57.287;10;1596243606
80;30;58.2644;66.048;69.842;10;1596243606
81;17;56.178;57.295;58.155;10;1596247206
82;30;59.24825;66.3935;70.129;10;1596247206
83;17;57.05405;57.6405;58.0735;10;1596250806
84;30;60.29145;66.536;70.6595;10;1596250806
85;17;57.27695;58.3525;56.762;10;1596254406
86;30;61.31515;66.881;70.8625;10;1596254406
87;17;57.2195;57.028;57.287;10;1596258006
88;30;60.73195;66.068;70.1895;10;1596258006
89;17;57.3765;56.6015;56.883;10;1596261607
90;30;60.6912;65.4795;69.027;10;1596261607
91;17;54.3891;50.8445;54.079;10;1596265207
92;30;59.19055;63.552;65.784;10;1596265207
93;17;53.7703;48.38515;52.343;10;1596268807
94;30;58.38665;61.3395;63.643;10;1596268807
95;17;52.41885;44.235;51.6365;10;1596272407
96;30;57.30055;58.7415;61.032;10;1596272407
97;17;54.75695;47.58855;55.693;10;1596276007
98;30;58.98815;61.198;62.7225;10;1596276007
99;17;57.10095;55.2515;57.247;10;1596279607
100;30;60.7559;63.673;64.7835;10;1596279607
101;17;56.42335;52.0625;54.865;10;1596283206
102;30;60.27485;61.7865;62.8475;10;1596283206
103;17;58.18905;54.298;57.2065;10;1596286806
104;30;61.7609;64.0195;64.8645;10;1596286806
105;17;57.27745;51.0245;54.886;10;1596290406
106;30;60.7574;61.8065;62.7255;10;1596290406
107;17;53.8576;37.21735;52.0005;10;1596294006
108;30;58.6842;59.0865;59.3155;10;1596294006
109;17;54.01675;40.4518;51.981;10;1596297606
110;30;58.6247;59.31;58.725;10;1596297606
111;17;54.12725;44.5964;52.849;10;1596301206
112;30;58.8648;60.041;58.1125;10;1596301206
113;17;56.19925;46.2662;55.9155;10;1596304807
114;30;58.9644;60.019;59.625;10;1596304807
115;17;57.24215;53.523;60.0925;10;1596308407
116;30;61.2753;62.3135;62.6425;10;1596308407
117;17;60.711;60.115;59.6065;10;1596312007
118;30;63.89125;64.485;67.4225;10;1596312007
119;17;61.9155;59.3225;58.2555;10;1596315607
120;30;65.21345;65.298;68.685;10;1596315607
121;17;56.46375;57.736;58.2955;10;1596319207
122;30;58.31075;64.0185;65.088;10;1596319207
123;17;46.5943;55.2765;56.884;10;1596322807
124;30;46.82625;62.8625;63.9665;10;1596322807
125;17;40.6878;56.3525;57.6705;10;1596326406
126;30;39.0369;63.39;64.2935;10;1596326406
127;17;37.26745;56.1705;57.186;10;1596330006
128;30;36.12885;63.837;64.5795;10;1596330006
129;17;35.84235;56.922;57.408;10;1596333606
130;30;34.70445;64.2225;66.357;10;1596333606
131;17;35.1352;57.655;57.3675;10;1596337206
132;30;35.0288;64.7495;66.8485;10;1596337206
133;17;34.7675;58.001;57.4485;10;1596340806
134;30;35.39115;64.831;67.214;10;1596340806
135;17;35.0849;57.534;57.387;10;1596344406
136;30;36.0354;64.4665;67.3575;10;1596344406
137;17;35.02365;57.453;57.3675;10;1596348006
138;30;35.8772;63.8165;66.785;10;1596348006
139;17;35.98295;60.239;58.033;10;1596351606
140;30;37.6428;64.9325;69.2565;10;1596351606
141;17;25.16025;57.169;57.529;10;1596355206
142;30;25.0077;63.0455;65.395;10;1596355206
143;17;19.17175;55.666;56.6215;10;1596358806
144;30;19.6711;62.0105;65.436;10;1596358806
145;17;15.86835;48.6517;54.6835;10;1596362406
146;30;16.9866;59.3515;62.354;10;1596362406
147;17;14.8158;43.1443;53.049;10;1596366006
148;30;16.82735;57.971;61.091;10;1596366006
149;17;16.22495;44.3072;53.5335;10;1596369606
150;30;18.1123;56.428;60.3605;10;1596369606
151;17;16.24215;36.198;50.7695;10;1596373206
152;30;18.4709;54.2365;59.3405;10;1596373206
153;17;18.1073;33.78145;52.9085;10;1596376806
154;30;19.8376;53.2625;60.1155;10;1596376806
155;17;20.2985;31.1817;54.3615;10;1596380406
156;30;21.8232;52.247;60.4195;10;1596380406
157;17;21.47575;33.58475;54.1405;10;1596384006
158;30;23.35065;49.6082;60.054;10;1596384006
159;17;23.8005;33.951;55.4515;10;1596387606
160;30;25.8197;50.29795;60.91;10;1596387606
161;17;27.75485;36.65745;58.518;10;1596391207
162;30;29.0535;49.42705;62.6635;10;1596391207
163;17;28.3222;33.5885;56.5195;10;1596394807
164;30;30.4378;47.9449;62.784;10;1596394807
165;17;32.4309;38.7712;59.305;10;1596398407
166;30;34.3757;49.0005;65.2325;10;1596398407
167;17;34.8401;37.1872;57.7515;10;1596402007
168;30;36.68685;49.32595;66.557;10;1596402007
169;17;34.82885;35.8458;56.2975;10;1596405607
170;30;37.1463;48.43335;65.7795;10;1596405607
171;17;37.1057;37.08195;57.792;10;1596409207
172;30;39.2962;49.7927;67.289;10;1596409207
173;17;37.69765;36.91935;57.2265;10;1596412806
174;30;40.03955;48.73805;66.5765;10;1596412806
175;17;37.7821;36.39085;56.6415;10;1596416406
176;30;40.13715;48.43275;65.924;10;1596416406
177;17;38.94745;36.65595;56.1575;10;1596420006
178;30;41.20185;48.5347;65.903;10;1596420006
179;17;38.88745;36.71395;54.886;10;1596423606
180;30;41.5642;48.55555;65.3325;10;1596423606
181;17;40.37625;37.7691;55.047;10;1596427206
182;30;42.9476;49.79385;66.6775;10;1596427206
183;17;40.29905;37.5265;54.5835;10;1596430806
184;30;43.2483;48.9201;65.699;10;1596430806
185;17;40.38115;37.3839;54.16;10;1596434407
186;30;43.35;48.53475;64.8645;10;1596434407
187;17;40.20835;36.46925;53.2515;10;1596438006
188;30;43.3293;48.23015;63.8245;10;1596438006
189;17;39.8224;35.5556;51.6565;10;1596441606
190;30;43.5304;48.16985;62.502;10;1596441606
191;17;39.7391;34.6169;51.9385;10;1596445206
192;30;43.55155;47.92705;61.8895;10;1596445206
193;17;38.3385;31.77215;49.4375;10;1596448806
194;30;42.2459;46.78905;59.467;10;1596448806
195;17;38.2344;32.6427;50.9715;10;1596452406
196;30;41.9838;47.74165;59.9115;10;1596452406
197;17;39.02855;31.84975;50.708;10;1596456006
198;30;42.54955;47.4982;58.874;10;1596456006
199;17;39.2235;33.2132;50.769;10;1596459607
200;30;42.8681;47.4788;58.854;10;1596459607
201;17;39.55305;31.4034;49.578;10;1596463207
202;30;43.21015;47.07225;58.14;10;1596463207
203;17;39.585;26.31935;46.452;10;1596466807
204;30;43.49095;47.6199;56.7155;10;1596466807
205;17;40.68165;33.5572;50.0025;10;1596470407
206;30;44.3942;48.12805;58.405;10;1596470407
207;17;43.1335;44.04625;54.018;10;1596474007
208;30;46.6038;50.09725;61.1585;10;1596474007
209;17;43.64445;40.10255;51.475;10;1596477607
210;30;47.52605;50.178;60.914;10;1596477607
211;17;44.2181;40.24535;51.193;10;1596481206
212;30;48.1696;50.07625;60.405;10;1596481206
213;17;45.4484;41.82965;52.162;10;1596484806
214;30;49.29275;51.356;61.015;10;1596484806
215;17;45.94835;41.80825;51.8375;10;1596488406
216;30;49.7141;51.0715;60.812;10;1596488406
217;17;46.48015;42.39855;51.9;10;1596492006
218;30;50.4973;51.4585;60.914;10;1596492006
219;17;46.7547;42.23595;51.496;10;1596495606
220;30;50.9975;51.416;60.548;10;1596495606
221;17;47.2277;41.86845;51.072;10;1596499206
222;30;51.2995;51.2945;60.6285;10;1596499206
223;17;48.92115;45.4268;54.0585;10;1596502807
224;30;53.3498;53.203;61.729;10;1596502807
225;17;49.16495;45.4474;52.0805;10;1596506407
226;30;53.8324;52.736;61.4665;10;1596506407
227;17;49.22745;43.8814;51.193;10;1596510007
228;30;53.32695;52.412;60.59;10;1596510007
229;17;49.6417;44.61205;51.2135;10;1596513607
230;30;54.1498;52.4725;60.59;10;1596513607
231;17;51.04115;47.0724;52.908;10;1596517207
232;30;55.4962;53.913;61.855;10;1596517207
233;17;51.61445;46.30005;52.3025;10;1596520807
234;30;55.8167;53.9135;61.3245;10;1596520807
235;17;49.24215;42.3744;50.103;10;1596524406
236;30;53.9679;52.228;59.327;10;1596524406
237;17;48.9741;40.48425;49.3775;10;1596528006
238;30;54.0934;51.8015;58.4705;10;1596528006
239;17;48.017;35.64535;46.613;10;1596531606
240;30;53.28945;50.0955;56.108;10;1596531606
241;17;48.2192;38.02345;48.6905;10;1596535206
242;30;53.28945;50.3805;56.2915;10;1596535206
243;17;47.0379;32.4516;44.616;10;1596538806
244;30;52.9459;50.442;54.274;10;1596538806
245;17;48.21565;34.3973;49.3565;10;1596542406
246;30;53.06655;51.315;55.085;10;1596542406
247;17;49.4251;40.1944;51.617;10;1596546006
248;30;54.6733;52.614;56.6755;10;1596546006
249;17;48.95695;39.56795;48.3495;10;1596549606
250;30;53.44545;51.7005;55.375;10;1596549606
251;17;47.88345;34.4821;46.2305;10;1596553206
252;30;52.14;50.7265;53.8245;10;1596553206
253;17;49.6015;38.07955;51.5365;10;1596556806
254;30;54.08965;52.9585;55.5125;10;1596556806
255;17;49.4938;38.4302;48.047;10;1596560406
256;30;53.68335;52.816;55.5335;10;1596560406
257;17;49.9201;41.0333;49.195;10;1596564006
258;30;53.62475;51.3345;54.3365;10;1596564006
259;17;52.23605;47.00845;53.3925;10;1596567607
260;30;56.6023;53.5065;56.5595;10;1596567607
261;17;53.3878;48.0019;53.473;10;1596571207
262;30;58.95655;54.9875;58.4115;10;1596571207
263;17;55.61545;49.50325;53.613;10;1596574807
264;30;60.84635;56.024;59.616;10;1596574807
265;17;56.48675;49.50275;52.726;10;1596578407
266;30;61.80845;55.903;59.697;10;1596578407
267;17;57.46215;51.454;53.1505;10;1596582007
268;30;63.1775;56.7535;60.1865;10;1596582007
269;17;58.3334;51.555;52.8275;10;1596585607
270;30;62.9908;57.688;60.247;10;1596585607
271;17;59.1666;52.4125;54.401;10;1596589206
272;30;64.57905;58.988;60.9405;10;1596589206
273;17;60.03785;53.3475;54.765;10;1596592806
274;30;65.1616;59.1905;61.573;10;1596592806
275;17;60.8944;54.0585;54.119;10;1596596406
276;30;66.10455;59.454;61.5115;10;1596596406
277;17;61.27065;54.0145;53.836;10;1596600006
278;30;66.3047;59.5355;61.5525;10;1596600006
279;17;61.702;54.4445;53.675;10;1596603606
280;30;66.82695;59.495;61.7775;10;1596603606
281;17;61.35165;52.795;52.1205;10;1596607206
282;30;65.87795;58.7235;61.0655;10;1596607206
283;17;58.2321;47.5305;50.9105;10;1596610806
284;30;63.87335;56.7535;58.8845;10;1596610806
285;17;56.81555;42.6316;47.9445;10;1596614406
286;30;62.6435;54.9275;56.479;10;1596614406
287;17;54.57935;37.40525;45.7045;10;1596618006
288;30;61.0171;54.1545;54.847;10;1596618006
289;17;53.20805;33.4622;44.313;10;1596621606
290;30;59.0252;52.776;53.1735;10;1596621606
291;17;53.46555;33.35865;46.775;10;1596625206
292;30;59.5827;54.865;53.9855;10;1596625206
293;17;53.4875;34.06785;47.864;10;1596628806
294;30;59.48965;54.1345;53.1495;10;1596628806
295;17;52.97665;34.15085;47.42;10;1596632407
296;30;57.7367;53.831;52.7025;10;1596632407
297;17;51.32965;32.48375;46.1495;10;1596636007
298;30;56.91625;52.613;50.5825;10;1596636007
299;17;51.1347;33.9066;46.936;10;1596639607
300;30;56.79535;53.181;50.9905;10;1596639607
301;17;51.02795;36.47205;47.057;10;1596643207
302;30;56.57485;52.8955;50.725;10;1596643207
303;17;52.6284;44.75;48.6715;10;1596646807
304;30;58.56395;54.1355;51.9065;10;1596646807
305;17;55.3992;41.21165;49.7205;10;1596650407
306;30;58.68225;54.398;52.0525;10;1596650407
307;17;55.3315;44.70915;51.5975;10;1596654006
308;30;60.674;55.048;54.0675;10;1596654006
309;17;62.0379;56.7635;56.8835;10;1596657606
310;30;66.1662;58.886;60.5785;10;1596657606
311;17;62.14575;53.3055;53.8355;10;1596661206
312;30;65.1265;58.906;59.111;10;1596661206
313;17;63.1567;52.9775;53.937;10;1596664806
314;30;67.62475;59.616;60.3105;10;1596664806
315;17;65.14075;54.6855;54.4415;10;1596668406
316;30;69.5586;60.266;61.3305;10;1596668406
317;17;66.3146;54.9515;53.937;10;1596672006
318;30;70.40125;60.794;61.5135;10;1596672006
319;17;66.64425;54.9895;53.6945;10;1596675607
320;30;71.2063;61.037;61.495;10;1596675607
321;17;67.094;55.561;53.7745;10;1596679207
322;30;71.40705;61.139;62.2885;10;1596679207
323;17;67.61225;55.8445;53.5735;10;1596682807
324;30;71.60575;61.403;61.656;10;1596682807
325;17;67.83155;56.5955;54.058;10;1596686407
326;30;72.3925;61.9105;62.432;10;1596686407
327;17;67.8388;56.7985;53.716;10;1596690007
328;30;72.912;62.357;62.5945;10;1596690007
329;17;67.07545;55.744;52.6455;10;1596693607
330;30;72.0255;62.1335;61.292;10;1596693607
331;17;62.0589;52.122;50.386;10;1596697206
332;30;68.7666;60.2655;58.4585;10;1596697206
333;17;61.57015;46.611;48.166;10;1596700806
334;30;68.02195;58.864;55.7655;10;1596700806
335;17;57.97345;42.34245;45.907;10;1596704406
336;30;65.11105;57.2605;53.258;10;1596704406
337;17;57.4308;40.26655;46.876;10;1596708006
338;30;64.44635;57.8075;53.539;10;1596708006
339;17;55.49465;39.2323;45.28;10;1596711606
340;30;62.8812;56.692;51.993;10;1596711606
341;17;56.19185;38.7617;46.613;10;1596715206
342;30;62.2594;57.6045;51.6255;10;1596715206
343;17;55.06325;37.0919;47.1985;10;1596718806
344;30;60.6716;56.5895;50.849;10;1596718806
345;17;55.1798;36.379;47.704;10;1596722406
346;30;60.6476;58.0105;51.1775;10;1596722406
347;17;54.31835;37.4383;47.8035;10;1596726006
348;30;58.94215;55.838;50.177;10;1596726006
349;17;52.9899;38.55815;47.521;10;1596729606
350;30;58.4426;55.5955;50.378;10;1596729606
351;17;54.54735;46.8779;49.176;10;1596733206
352;30;59.7073;56.4275;51.3555;10;1596733206
353;17;57.39285;46.75895;55.8755;10;1596736806
354;30;60.57595;58.133;52.926;10;1596736806
355;17;57.3216;47.1448;54.1795;10;1596740406
356;30;61.39775;58.538;54.615;10;1596740406
357;17;61.47215;58.3675;59.102;10;1596744006
358;30;64.53345;62.84;57.3275;10;1596744006
359;17;63.766;56.3525;57.892;10;1596747606
360;30;66.84195;62.681;58.1455;10;1596747606
361;17;64.8885;55.804;56.2175;10;1596751206
362;30;68.6127;63.3085;58.9225;10;1596751206
363;17;64.88465;54.2775;54.3415;10;1596754806
364;30;68.8309;62.316;58.5355;10;1596754806
365;17;66.077;55.66;55.1075;10;1596758406
366;30;70.73885;63.553;59.5125;10;1596758406
367;17;66.80855;55.5175;54.563;10;1596762007
368;30;71.05855;63.31;59.474;10;1596762007
369;17;68.5708;57.8555;55.9135;10;1596765607
370;30;72.786;65.0755;60.5725;10;1596765607
371;17;68.0757;56.1705;54.3605;10;1596769207
372;30;72.5255;64.4875;59.6775;10;1596769207
373;17;69.15295;57.206;55.369;10;1596772807
374;30;73.911;65.218;60.4515;10;1596772807
375;17;69.9886;58.3015;55.955;10;1596776407
376;30;74.8555;65.806;61.0605;10;1596776407
377;17;68.9211;56.3905;53.797;10;1596780007
378;30;73.57;64.346;60.0035;10;1596780007
379;17;64.63115;53.647;52.3625;10;1596783606
380;30;69.8053;61.665;57.9675;10;1596783606
381;17;61.96715;44.5782;47.824;10;1596787206
382;30;69.26765;60.4065;55.4985;10;1596787206
383;17;61.58855;39.61215;46.3915;10;1596790806
384;30;68.5452;58.884;54.5785;10;1596790806
385;17;59.2199;36.4445;45.0995;10;1596794406
386;30;66.7557;57.1185;51.647;10;1596794406
387;17;59.57185;35.9511;46.7545;10;1596798006
388;30;66.3099;58.8435;52.8445;10;1596798006
389;17;59.21765;37.08935;48.4095;10;1596801606
390;30;65.44495;58.519;52.334;10;1596801606
391;17;56.88945;34.1852;45.604;10;1596805206
392;30;63.35825;56.895;50.5805;10;1596805206
393;17;56.64075;33.4325;46.068;10;1596808806
394;30;63.2964;57.565;50.5595;10;1596808806
395;17;57.10895;38.1112;49.398;10;1596812406
396;30;62.5319;57.098;50.6395;10;1596812406
397;17;56.8809;37.17905;47.7025;10;1596816006
398;30;62.34935;56.347;50.0085;10;1596816006
399;17;59.6565;50.1313;52.8885;10;1596819606
400;30;65.44545;59.5535;52.6965;10;1596819606
401;17;61.4885;44.94805;54.0995;10;1596823206
402;30;64.8234;58.0715;51.174;10;1596823206
403;17;62.5041;49.7862;55.632;10;1596826806
404;30;67.25505;59.9175;53.2925;10;1596826806
405;17;68.0022;65.6965;59.969;10;1596830406
406;30;72.1095;63.471;59.2975;10;1596830406
407;17;69.11205;59.389;55.995;10;1596834006
408;30;74.537;64.668;60.193;10;1596834006
409;17;69.1628;56.521;53.695;10;1596837606
410;30;74.3705;63.715;59.088;10;1596837606
411;17;67.6689;55.889;53.312;10;1596841206
412;30;73.584;63.3085;58.824;10;1596841206
413;17;66.9091;57.492;53.9565;10;1596844806
414;30;72.562;64.3445;59.783;10;1596844806
415;17;64.2021;57.494;53.816;10;1596848406
416;30;70.4542;64.507;59.332;10;1596848406
417;17;62.8908;59.0365;54.987;10;1596852006
418;30;68.3265;65.887;60.374;10;1596852006
419;17;60.89095;58.123;53.472;10;1596855606
420;30;65.6337;65.5415;59.579;10;1596855606
421;17;59.4413;59.788;54.905;10;1596859206
422;30;63.95065;66.841;60.374;10;1596859206
423;17;58.24395;60.3555;55.2285;10;1596862806
424;30;62.5834;67.105;61.069;10;1596862806
425;17;56.4599;57.613;53.13;10;1596866406
426;30;60.53565;65.217;59.72;10;1596866406
427;17;51.09405;53.1165;51.2335;10;1596870007
428;30;56.23015;63.45;58.7405;10;1596870007
429;17;48.45945;45.04105;48.006;10;1596873607
430;30;53.1378;61.299;54.966;10;1596873607
431;17;47.52945;45.2177;50.346;10;1596877207
432;30;51.42845;60.609;54.251;10;1596877207
433;17;46.227;42.45365;49.842;10;1596880807
434;30;51.1674;61.096;53.8225;10;1596880807
435;17;43.3952;38.2268;47.7835;10;1596884407
436;30;48.09485;59.1885;51.8865;10;1596884407
437;17;41.95405;38.90125;48.57;10;1596888007
438;30;46.4685;58.1935;51.232;10;1596888007
439;17;42.4455;39.0447;48.3275;10;1596891606
440;30;46.226;58.5995;51.293;10;1596891606
441;17;41.4994;35.75295;47.2175;10;1596895206
442;30;44.1761;57.503;49.9875;10;1596895206
443;17;43.4651;40.64815;52.102;10;1596898806
444;30;46.6696;59.248;52.0865;10;1596898806
445;17;43.48595;41.44325;51.78;10;1596902406
446;30;47.02885;58.4355;51.678;10;1596902406
447;17;46.4857;53.1985;55.491;10;1596906006
448;30;48.5186;60.466;53.428;10;1596906006
449;17;47.0396;47.57205;55.956;10;1596909606
450;30;47.71055;58.964;52.3735;10;1596909606
451;17;47.70865;50.276;57.2665;10;1596913207
452;30;50.1064;60.101;54.431;10;1596913207
453;17;49.5551;58.274;60.2535;10;1596916807
454;30;52.6598;61.807;56.3915;10;1596916807
455;17;52.44805;59.5315;59.204;10;1596920407
456;30;55.07265;63.45;57.656;10;1596920407
457;17;54.02275;58.2615;56.9845;10;1596924007
458;30;56.47985;64.181;58.3105;10;1596924007
459;17;54.84855;57.8365;56.7425;10;1596927607
460;30;58.3276;64.1405;59.208;10;1596927607
461;17;56.0715;57.915;56.783;10;1596931207
462;30;59.57265;64.7705;59.4715;10;1596931207
463;17;56.5997;57.081;56.055;10;1596934806
464;30;59.8914;64.3235;59.2675;10;1596934806
465;17;57.36935;57.4255;55.572;10;1596938406
466;30;60.3744;64.466;59.1655;10;1596938406
467;17;59.13125;59.663;57.3465;10;1596942006
468;30;62.28335;65.602;60.207;10;1596942006
469;17;59.9266;59.173;56.983;10;1596945606
470;30;63.0864;65.339;60.185;10;1596945606
471;17;60.3236;58.28;56.298;10;1596949206
472;30;62.6472;64.831;59.819;10;1596949206
473;17;60.20475;57.119;55.9545;10;1596952806
474;30;62.7864;64.447;59.637;10;1596952806
475;17;56.5068;52.748;54.0985;10;1596956406
476;30;60.8526;63.2065;57.757;10;1596956406
477;17;53.9276;42.8336;48.1055;10;1596960006
478;30;59.9267;59.859;55.678;10;1596960006
479;17;54.5109;38.8562;47.8635;10;1596963606
480;30;59.24235;59.2305;55.0665;10;1596963606
481;17;54.2401;39.446;48.712;10;1596967206
482;30;59.33885;59.37;54.494;10;1596967206
483;17;51.7833;33.87305;47.32;10;1596970806
484;30;57.51425;57.9695;52.191;10;1596970806
485;17;52.7256;33.7707;48.208;10;1596974406
486;30;57.04865;58.275;50.723;10;1596974406
487;17;52.93165;35.59905;49.963;10;1596978006
488;30;56.3842;58.193;50.884;10;1596978006
489;17;61.77405;60.3405;65.9655;10;1596981606
490;30;63.0925;64.889;58.196;10;1596981606
491;17;52.9525;39.28585;51.537;10;1596985206
492;30;56.76765;58.071;51.228;10;1596985206
493;17;60.8797;58.067;63.242;10;1596988806
494;30;62.9718;63.367;56.995;10;1596988806
495;17;60.28295;60.762;62.594;10;1596992406
496;30;63.05635;61.683;55.428;10;1596992406
497;17;61.76555;55.769;59.7095;10;1596996006
498;30;62.9585;60.7705;55.1025;10;1596996006
499;17;63.6858;57.9065;61.2825;10;1596999607
500;30;66.0535;62.659;57.6925;10;1596999607
501;17;64.63305;54.57;58.699;10;1597003207
502;30;67.50055;62.0505;57.6315;10;1597003207
503;17;66.6307;54.1385;58.156;10;1597006807
504;30;69.5873;62.9035;58.61;10;1597006807
505;17;67.26755;53.3655;56.8445;10;1597010407
506;30;70.0502;62.903;58.3255;10;1597010407
507;17;68.60065;54.7065;57.4895;10;1597014007
508;30;71.6955;63.2275;58.833;10;1597014007
509;17;70.0113;56.434;57.3675;10;1597017607
510;30;73.3435;63.7965;60.0145;10;1597017607
511;17;69.52825;54.0955;55.027;10;1597021206
512;30;73.0005;63.391;58.672;10;1597021206
513;17;71.1449;57.024;57.085;10;1597024806
514;30;74.9715;64.3645;60.1185;10;1597024806
515;17;70.569;54.666;55.6335;10;1597028406
516;30;74.7475;63.918;58.8745;10;1597028406
517;17;72.7058;57.592;57.6715;10;1597032006
518;30;76.656;64.69;60.6275;10;1597032006
519;17;72.9695;58.2445;56.4005;10;1597035606
520;30;77.2395;64.9945;60.3225;10;1597035606
521;17;72.35665;55.9245;55.714;10;1597039206
522;30;77.056;64.6285;59.223;10;1597039206
523;17;71.6338;55.2545;55.2695;10;1597042807
524;30;76.976;64.405;58.266;10;1597042807
525;17;72.38635;55.333;55.9765;10;1597046407
526;30;77.695;64.6485;58.3455;10;1597046407
527;17;64.5154;37.57755;46.3305;10;1597050007
528;30;72.414;60.3055;52.9485;10;1597050007
529;17;70.22195;52.904;54.7645;10;1597053607
530;30;76.249;63.1865;56.081;10;1597053607
531;17;71.1252;54.472;55.45;10;1597057207
532;30;76.927;63.4285;56.164;10;1597057207
533;17;71.39605;54.352;55.1475;10;1597060807
534;30;77.2895;63.8555;56.206;10;1597060807
535;17;69.32525;43.85265;50.9925;10;1597064406
536;30;75.6005;62.0085;54.027;10;1597064406
537;17;64.83045;31.5721;43.829;10;1597068006
538;30;72.4105;59.939;50.479;10;1597068006
539;17;68.91125;38.5007;49.196;10;1597071606
540;30;75.357;61.0145;52.3095;10;1597071606
541;17;71.42865;48.3884;54.563;10;1597075206
542;30;77.4265;62.7795;53.5935;10;1597075206
543;17;70.89675;52.871;52.6255;10;1597078806
544;30;77.9475;61.4405;52.4715;10;1597078806
545;17;75.3168;52.851;56.743;10;1597082406
546;30;79.31;62.9025;53.5955;10;1597082406
547;17;80.312;69.6035;65.801;10;1597086006
548;30;84.552;66.7175;57.797;10;1597086006
549;17;81.8455;68.9525;64.1475;10;1597089606
550;30;86.742;68.5235;59.079;10;1597089606
551;17;80.3615;61.982;59.204;10;1597093206
552;30;86.2215;65.7045;57.859;10;1597093206
553;17;83.1355;63.4035;60.072;10;1597096806
554;30;89.355;68.281;60.0795;10;1597096806
555;17;83.137;61.593;58.3775;10;1597100406
556;30;88.6135;67.897;59.4085;10;1597100406
557;17;83.998;62.181;58.882;10;1597104006
558;30;89.6975;67.795;59.652;10;1597104006
559;17;84.3155;62.1605;58.8205;10;1597107606
560;30;90.4625;68.6665;59.9385;10;1597107606
561;17;85.302;63.156;58.982;10;1597111206
562;30;91.508;68.89;60.0615;10;1597111206
563;17;85.385;62.382;57.7515;10;1597114806
564;30;91.649;67.4505;59.3255;10;1597114806
565;17;86.0815;63.379;58.155;10;1597118406
566;30;92.593;68.2215;59.9795;10;1597118406
567;17;87.444;64.64;59.0625;10;1597122006
568;30;93.9365;69.3165;60.3235;10;1597122006
569;17;87.031;63.1955;57.954;10;1597125606
570;30;93.5965;68.4645;60.0605;10;1597125606
571;17;82.7215;55.871;54.523;10;1597129207
572;30;92.066;67.3075;57.9395;10;1597129207
573;17;84.6095;55.6715;54.24;10;1597132807
574;30;92.928;66.3535;56.82;10;1597132807
575;17;83.0805;48.9333;52.3835;10;1597136407
576;30;91.201;64.83;55.0855;10;1597136407
577;17;79.6525;43.28685;48.6505;10;1597140007
578;30;88.9585;62.4765;52.783;10;1597140007
579;17;87.043;57.314;57.489;10;1597143607
580;30;94.3935;66.1285;56.715;10;1597143607
581;17;87.0945;56.14;55.2695;10;1597147207
582;30;94.3785;65.7435;55.9195;10;1597147207
583;17;85.2655;43.60645;50.7095;10;1597150806
584;30;93.2255;65.155;54.1045;10;1597150806
585;17;85.38;45.2155;52.284;10;1597154406
586;30;93.7845;64.708;53.921;10;1597154406
587;17;89.623;53.4271;56.7825;10;1597158006
588;30;96.82;65.5195;54.817;10;1597158006
589;17;88.623;44.4783;53.394;10;1597161606
590;30;96.839;64.688;53.998;10;1597161606
591;17;100.784;75.044;69.293;10;1597165206
592;30;106.9735;70.4905;59.4625;10;1597165206
593;17;99.891;71.386;64.389;10;1597168806
594;30;107.924;70.127;58.446;10;1597168806
595;17;101.6085;69.7585;63.7435;10;1597172407
596;30;109.651;71.019;59.304;10;1597172407
597;17;103.6705;73.142;61.3825;10;1597176007
598;30;112.7885;72.259;62.0615;10;1597176007
599;17;104.409;68.013;60.1925;10;1597179607
600;30;113.055;71.651;62.4895;10;1597179607
601;17;102.6585;65.123;58.801;10;1597183207
602;30;111.3255;71.57;61.118;10;1597183207
603;17;101.9595;66.2795;59.2845;10;1597186807
604;30;110.5355;72.0965;61.773;10;1597186807
605;17;100.3245;66.12;58.68;10;1597190407
606;30;109.1335;71.671;60.756;10;1597190407
607;17;98.4745;66.5875;58.74;10;1597194006
608;30;106.642;71.771;60.6725;10;1597194006
609;17;97.0945;68.6615;60.415;10;1597197606
610;30;105.7365;73.112;62.0395;10;1597197606
611;17;95.407;70.3485;61.0605;10;1597201206
612;30;103.385;74.2475;62.752;10;1597201206
613;17;92.7415;68.762;59.8705;10;1597204806
614;30;100.236;74.0455;62.4675;10;1597204806
615;17;91.2205;70.2845;61.2825;10;1597208406
616;30;98.484;74.9785;63.426;10;1597208406
617;17;88.2455;66.9705;59.2845;10;1597212006
618;30;94.6925;73.416;62.1425;10;1597212006
619;17;82.147;62.7335;57.1055;10;1597215606
620;30;88.992;71.8725;59.594;10;1597215606
621;17;85.6855;64.1515;61.303;10;1597219206
622;30;91.4525;74.429;61.891;10;1597219206
623;17;79.3065;58.1145;57.57;10;1597222806
624;30;84.166;69.8215;57.4285;10;1597222806
625;17;74.73065;50.92085;52.9285;10;1597226406
626;30;81.156;68.8895;57.59;10;1597226406
627;17;74.53865;52.56785;54.563;10;1597230006
628;30;81.3345;69.0525;57.386;10;1597230006
629;17;73.36935;51.0249;53.09;10;1597233606
630;30;79.1825;68.6655;56.408;10;1597233606
631;17;73.40035;52.00095;54.101;10;1597237206
632;30;78.34;68.5235;55.5295;10;1597237206
633;17;72.2305;48.6462;52.687;10;1597240806
634;30;77.5135;67.244;54.429;10;1597240806
635;17;76.0295;51.67195;56.38;10;1597244406
636;30;81.628;70.2885;56.3635;10;1597244406
637;17;82.9285;73.298;64.652;10;1597248006
638;30;85.7235;71.6285;58.851;10;1597248006
639;17;83.746;71.0425;63.281;10;1597251606
640;30;87.171;72.441;59.9115;10;1597251606
641;17;87.654;79.3745;66.751;10;1597255206
642;30;90.71;75.3235;61.868;10;1597255206
643;17;87.9605;75.6935;63.765;10;1597258807
644;30;91.455;76.338;63.0725;10;1597258807
645;17;86.746;69.4675;61.666;10;1597262407
646;30;90.3085;75.2425;62.5435;10;1597262407
647;17;86.8305;68.855;61.6055;10;1597266007
648;30;90.41;75.73;62.8485;10;1597266007
649;17;86.4435;68.9965;61.5645;10;1597269607
650;30;90.4695;75.6885;62.7465;10;1597269607
651;17;87.145;69.9935;62.13;10;1597273207
652;30;91.235;76.3585;63.481;10;1597273207
653;17;86.737;68.998;61.5255;10;1597276807
654;30;90.6535;76.1155;63.1355;10;1597276807
655;17;87.1525;69.972;62.372;10;1597280406
656;30;91.681;76.9675;64.1535;10;1597280406
657;17;86.9365;70.072;62.8565;10;1597284006
658;30;91.441;76.7845;64.1535;10;1597284006
659;17;86.2395;69.9115;62.5535;10;1597287606
660;30;90.5755;76.7245;63.8075;10;1597287606
661;17;86.5015;69.889;61.948;10;1597291206
662;30;90.354;76.501;63.95;10;1597291206
663;17;86.062;70.0315;61.827;10;1597294806
664;30;89.954;76.419;63.5835;10;1597294806
665;17;85.6605;71.3125;62.473;10;1597298406
666;30;89.9145;76.7655;63.746;10;1597298406
667;17;85.723;68.9535;61.6665;10;1597302007
668;30;89.0505;75.7505;63.522;10;1597302007
669;17;84.309;69.847;62.1705;10;1597305607
670;30;88.7095;75.7105;63.4795;10;1597305607
671;17;81.5935;67.081;59.8705;10;1597309207
672;30;86.198;74.1465;62.3395;10;1597309207
673;17;76.338;59.436;56.5615;10;1597312807
674;30;82.12;71.7315;60.463;10;1597312807
675;17;77.6935;66.355;59.85;10;1597316407
676;30;81.9795;72.9285;61.2575;10;1597316407
677;17;75.4175;64.83;59.4865;10;1597320007
678;30;80.4915;72.6035;60.933;10;1597320007
679;17;74.479;65.7255;59.346;10;1597323606
680;30;79.007;72.7665;60.6275;10;1597323606
681;17;68.76775;54.5848;53.312;10;1597327206
682;30;75.093;70.6155;58.1835;10;1597327206
683;17;75.553;71.3785;63.119;10;1597330806
684;30;79.107;74.1255;61.726;10;1597330806
685;17;74.978;71.5845;63.1785;10;1597334406
686;30;78.7295;74.064;62.4605;10;1597334406
687;17;73.37535;67.821;60.8385;10;1597338006
688;30;77.161;73.638;61.9105;10;1597338006
689;17;72.9927;67.2915;60.637;10;1597341606
690;30;77.022;73.598;62.0335;10;1597341606
691;17;74.7965;70.5045;62.654;10;1597345206
692;30;78.247;74.7345;63.54;10;1597345206
693;17;76.638;73.6975;63.5825;10;1597348806
694;30;79.4155;74.917;64.8025;10;1597348806
695;17;74.9175;70.1395;61.686;10;1597352406
696;30;78.291;74.593;64.1925;10;1597352406
697;17;74.686;70.1185;61.787;10;1597356006
698;30;78.1715;74.9585;64.0095;10;1597356006
699;17;75.083;70.7885;62.252;10;1597359606
700;30;78.091;75.121;64.2945;10;1597359606
701;17;74.997;70.9505;62.3525;10;1597363206
702;30;78.054;74.938;64.681;10;1597363206
703;17;74.938;70.7885;62.352;10;1597366806
704;30;78.415;75.304;64.967;10;1597366806
705;17;75.3795;71.664;62.8355;10;1597370406
706;30;78.394;75.385;65.782;10;1597370406
707;17;75.39;72.0075;62.756;10;1597374006
708;30;78.0935;75.71;65.7205;10;1597374006
709;17;74.7135;70.708;62.3315;10;1597377606
710;30;77.7715;75.588;65.2545;10;1597377606
711;17;74.5995;70.442;62.433;10;1597381206
712;30;77.9335;75.5875;65.3765;10;1597381206
713;17;74.4795;70.6025;62.4535;10;1597384806
714;30;77.834;75.568;65.721;10;1597384806
715;17;72.7275;68.104;61.262;10;1597388407
716;30;76.6265;74.938;64.298;10;1597388407
717;17;71.2775;65.887;60.355;10;1597392007
718;30;75.681;74.6945;63.869;10;1597392007
719;17;68.3993;61.168;58.659;10;1597395607
720;30;74.6775;73.659;62.1995;10;1597395607
721;17;67.9632;61.8425;58.4585;10;1597399207
722;30;74.459;72.826;61.283;10;1597399207
723;17;68.16575;56.9326;58.559;10;1597402807
724;30;75.9415;73.861;60.993;10;1597402807
725;17;70.73205;64.278;61.2635;10;1597406407
726;30;76.867;73.252;61.157;10;1597406407
727;17;72.4454;55.93605;59.529;10;1597410006
728;30;81.6655;76.0935;63.294;10;1597410006
729;17;80.2465;78.528;70.303;10;1597413606
730;30;86.0565;76.1945;64.597;10;1597413606
731;17;80.0075;73.3535;65.3995;10;1597417206
732;30;86.5815;75.667;64.477;10;1597417206
733;17;73.28515;53.0354;55.3705;10;1597420806
734;30;83.2495;71.1015;59.1605;10;1597420806
735;17;86.1385;79.067;68.043;10;1597424406
736;30;92.624;75.9915;65.1695;10;1597424406
737;17;88.4755;78.0725;65.5395;10;1597428006
738;30;93.7865;75.81;66.7995;10;1597428006
739;17;87.92;74.207;63.8645;10;1597431607
740;30;93.1825;75.546;66.986;10;1597431607
741;17;88.344;73.5535;63.6435;10;1597435207
742;30;93.706;75.9315;67.2295;10;1597435207
743;17;88.3805;73.004;63.3215;10;1597438807
744;30;93.6245;76.115;67.351;10;1597438807
745;17;88.3865;72.699;62.9565;10;1597442407
746;30;93.2615;75.993;66.8215;10;1597442407
747;17;88.3105;72.4545;62.9565;10;1597446007
748;30;93.103;76.4805;66.4145;10;1597446007
749;17;88.753;73.0865;63.119;10;1597449607
750;30;93.585;76.5005;66.761;10;1597449607
751;17;89.3445;73.776;63.4615;10;1597453206
752;30;93.927;76.703;67.392;10;1597453206
753;17;89.9115;75.161;63.441;10;1597456806
754;30;94.5095;77.0695;68.5355;10;1597456806
755;17;90.363;75.931;63.845;10;1597460406
756;30;94.952;77.353;68.7815;10;1597460406
757;17;90.281;75.1165;63.7635;10;1597464006
758;30;94.77;77.617;68.618;10;1597464006
759;17;89.924;74.1;63.583;10;1597467606
760;30;94.4085;77.5765;68.085;10;1597467606
761;17;89.9585;74.569;63.6035;10;1597471206
762;30;94.713;77.861;67.9645;10;1597471206
763;17;85.2305;67.735;61.808;10;1597474806
764;30;90.8395;76.4795;65.986;10;1597474806
765;17;83.4645;63.2435;58.074;10;1597478406
766;30;90.636;75.018;63.317;10;1597478406
767;17;76.284;49.5219;52.142;10;1597482006
768;30;87.106;72.908;60.059;10;1597482006
769;17;81.7655;55.14065;57.005;10;1597485606
770;30;92.746;73.8;60.158;10;1597485606
771;17;82.631;51.13635;55.351;10;1597489206
772;30;94.775;73.638;59.7065;10;1597489206
773;17;102.0005;81.7515;73.289;10;1597492806
774;30;111.1475;79.726;66.6955;10;1597492806
775;17;101.2165;79.713;68.2435;10;1597496406
776;30;110.5705;76.9255;64.1105;10;1597496406
777;17;84.941;41.08;47.0775;10;1597500006
778;30;101.1615;69.6805;56.14;10;1597500006
779;17;102.5075;63.415;62.2925;10;1597503606
780;30;117.4765;75.4645;62.539;10;1597503606
781;17;110.9025;80.6255;68.567;10;1597507206
782;30;121.001;77.372;64.479;10;1597507206
783;17;106.406;66.854;61.0205;10;1597510806
784;30;122.0875;73.4965;60.8055;10;1597510806
785;17;117.3135;79.3835;69.939;10;1597514406
786;30;127.9035;78.164;65.2125;10;1597514406
787;17;116.8;75.0145;65.339;10;1597518007
788;30;127.942;78.001;64.113;10;1597518007
789;17;119.6845;77.209;66.448;10;1597521607
790;30;130.552;80.072;66.3335;10;1597521607
791;17;120.2075;74.8285;64.815;10;1597525207
792;30;130.51;80.193;66.4555;10;1597525207
793;17;122.067;76.15;65.137;10;1597528807
794;30;130.952;80.6195;67.129;10;1597528807
795;17;122.426;76.3725;65.218;10;1597532407
796;30;131.134;81.005;67.68;10;1597532407
797;17;121.068;74.7235;64.169;10;1597536007
798;30;129.967;79.991;66.8255;10;1597536007
799;17;122.7185;76.5345;64.9345;10;1597539606
800;30;130.7495;81.0665;67.844;10;1597539606
801;17;123.9745;78.6705;65.3385;10;1597543206
802;30;131.1945;81.92;68.5995;10;1597543206
803;17;123.6155;78.06;65.4395;10;1597546806
804;30;131.0365;82.468;69.0675;10;1597546806
805;17;123.2405;77.4305;65.0145;10;1597550406
806;30;130.3935;81.7575;68.7415;10;1597550406
807;17;124.164;78.5265;65.822;10;1597554006
808;30;131.539;82.468;69.434;10;1597554006
809;17;121.6715;75.639;64.269;10;1597557606
810;30;129.051;81.514;68.171;10;1597557606
811;17;111.4835;67.667;61.3635;10;1597561207
812;30;122.929;77.6165;65.581;10;1597561207
813;17;113.6585;63.0725;57.51;10;1597564807
814;30;128.0905;75.749;62.683;10;1597564807
815;17;119.4165;63.2265;59.0025;10;1597568407
816;30;136.061;76.4795;62.763;10;1597568407
817;17;122.0265;62.233;58.297;10;1597572007
818;30;139.053;74.5315;61.073;10;1597572007
819;17;129.8445;68.2055;61.848;10;1597575607
820;30;148.8105;76.5205;62.092;10;1597575607
821;17;130.721;61.084;59.2855;10;1597579207
822;30;156.868;75.565;60.9265;10;1597579207
823;17;151.061;81.427;72.907;10;1597582806
824;30;178.2355;83.196;68.5645;10;1597582806
825;17;156.99;86.2505;73.532;10;1597586406
826;30;187.0275;82.992;68.3;10;1597586406
827;17;142.4075;58.70875;56.0575;10;1597590006
828;30;177.4975;73.3945;57.9945;10;1597590006
829;17;159.4905;78.4475;66.449;10;1597593606
830;30;196.7865;78.0215;62.7415;10;1597593606
831;17;172.522;88.6345;71.3925;10;1597597206
832;30;210.1185;81.8565;66.406;10;1597597206
833;17;180.4825;89.9975;74.1365;10;1597600806
834;30;216.9415;82.221;67.305;10;1597600806
835;17;182.004;87.991;70.504;10;1597604406
836;30;215.0625;82.466;66.6535;10;1597604406
837;17;183.0905;85.345;68.7685;10;1597608006
838;30;215.441;83.8065;67.4695;10;1597608006
839;17;186.5245;84.6925;68.2855;10;1597611606
840;30;219.296;84.699;67.592;10;1597611606
841;17;188.58;84.1625;68.527;10;1597615206
842;30;219.009;85.571;68.286;10;1597615206
843;17;189.094;84.042;68.5465;10;1597618806
844;30;217.7005;85.3895;68.3675;10;1597618806
845;17;190.6485;85.8115;69.0515;10;1597622406
846;30;217.417;86.465;68.898;10;1597622406
847;17;189.0825;84.386;67.659;10;1597626006
848;30;215.7495;85.6535;68.187;10;1597626006
849;17;190.4195;85.586;68.768;10;1597629606
850;30;218.1195;86.363;68.959;10;1597629606
851;17;191.083;85.384;68.204;10;1597633206
852;30;218.4995;86.6675;69.0815;10;1597633206
853;17;190.9495;84.5295;67.5585;10;1597636806
854;30;218.782;86.1;68.472;10;1597636806
855;17;193.355;86.46;68.95;10;1597640406
856;30;221.4715;87.2565;69.407;10;1597640406
857;17;194.3205;86.805;68.3445;10;1597644006
858;30;222.4155;87.7445;69.6535;10;1597644006
859;17;193.7235;85.5235;68.1235;10;1597647606
860;30;221.9365;86.891;69.0235;10;1597647606
861;17;187.5105;78.366;63.0575;10;1597651206
862;30;220.157;84.436;67.1285;10;1597651206
863;17;192.516;78.8505;63.0985;10;1597654806
864;30;229.902;83.745;67.1665;10;1597654806
865;17;197.656;78.9045;63.886;10;1597658406
866;30;240.7395;83.7855;67.0835;10;1597658406
867;17;203.2515;79.5695;64.3305;10;1597662007
868;30;254.1845;84.272;66.9805;10;1597662007
869;17;213.835;86.874;65.6;10;1597665607
870;30;264.1115;83.075;65.9215;10;1597665607
871;17;219.086;88.1965;65.681;10;1597669207
872;30;268.784;84.395;66.7385;10;1597669207
873;17;225.969;89.6275;69.173;10;1597672807
874;30;281.555;86.3425;67.9585;10;1597672807
875;17;215.194;71.317;59.306;10;1597676407
876;30;276.083;82.6905;63.5605;10;1597676407
877;17;222.483;73.763;61.627;10;1597680007
878;30;298.09;84.0285;62.7415;10;1597680007
879;17;251.5715;101.502;73.37;10;1597683606
880;30;329.179;87.316;67.4285;10;1597683606
881;17;261.6775;103.07;73.975;10;1597687206
882;30;337.443;88.8785;69.1415;10;1597687206
883;17;262.3905;97.5795;68.042;10;1597690806
884;30;332.0815;87.397;68.366;10;1597690806
885;17;264.7845;98.349;69.031;10;1597694406
886;30;331.4655;89.265;69.9565;10;1597694406
887;17;267.5435;99.5675;70.1;10;1597698006
888;30;328.2385;91.2335;71.853;10;1597698006
889;17;266.802;99.2035;69.2115;10;1597701606
890;30;320.3765;92.229;72.365;10;1597701606
891;17;262.7635;95.749;67.5785;10;1597705207
892;30;310.329;90.565;71.491;10;1597705207
893;17;263.399;95.589;68.405;10;1597708807
894;30;307.9755;91.1135;71.6715;10;1597708807
895;17;265.03;97.843;68.8095;10;1597712407
896;30;307.8345;92.554;72.8145;10;1597712407
897;17;262.9785;95.628;67.881;10;1597716007
898;30;302.4085;91.234;72.0205;10;1597716007
899;17;264.531;97.255;69.0305;10;1597719607
900;30;303.19;92.9395;72.855;10;1597719607
901;17;266.798;99.003;69.6555;10;1597723207
902;30;304.637;94.0155;73.3645;10;1597723207
903;17;265.8205;97.8645;69.132;10;1597726806
904;30;301.043;93.8535;73.549;10;1597726806
905;17;263.2105;95.0605;68.063;10;1597730406
906;30;295.9;92.331;72.0815;10;1597730406
907;17;261.4495;93.3135;67.659;10;1597734006
908;30;295.644;91.681;71.243;10;1597734006
909;17;252.2725;84.673;63.5635;10;1597737606
910;30;298.1485;89.509;67.696;10;1597737606
911;17;259.552;80.601;62.0295;10;1597741206
912;30;322.0475;87.54;64.558;10;1597741206
913;17;280.3005;90.637;67.8415;10;1597744806
914;30;358.728;90.198;66.2885;10;1597744806
915;17;286.326;88.3895;66.7515;10;1597748406
916;30;381.64;91.1725;67.163;10;1597748406
917;17;290.4955;84.684;63.725;10;1597752006
918;30;402.172;87.3975;63.2315;10;1597752006
919;17;304.16;90.5335;65.924;10;1597755606
920;30;427.3895;92.167;66.692;10;1597755606
921;17;315.771;90.776;65.1585;10;1597759206
922;30;449.1065;91.7;65.877;10;1597759206
923;17;347.594;111.5875;76.539;10;1597762806
924;30;489.824;98.802;71.766;10;1597762806
925;17;352.3;97.8175;63.219;10;1597766406
926;30;500.8445;90.666;64.942;10;1597766406
927;17;380.763;116.657;73.531;10;1597770006
928;30;530.1935;95.4945;69.8135;10;1597770006
929;17;383.7035;105.112;66.6305;10;1597773606
930;30;528.0735;93.8315;66.819;10;1597773606
931;17;398.199;117.61;75.105;10;1597777206
932;30;540.663;96.9965;70.7515;10;1597777206
933;17;399.817;115.2945;73.1485;10;1597780806
934;30;534.449;97.4435;71.341;10;1597780806
935;17;397.4575;111.862;72.038;10;1597784407
936;30;521.2025;97.5655;71.4245;10;1597784407
937;17;397.243;113.2455;72.4215;10;1597788007
938;30;508.836;97.809;71.079;10;1597788007
939;17;395.1335;111.565;72.441;10;1597791607
940;30;497.8355;98.1135;71.303;10;1597791607
941;17;391.572;108.8435;71.634;10;1597795207
942;30;488.6195;98.8445;71.914;10;1597795207
943;17;388.868;109.7395;72.6235;10;1597798807
944;30;481.87;99.8585;73.504;10;1597798807
945;17;387.757;109.3955;72.9655;10;1597802407
946;30;473.114;99.8395;73.4445;10;1597802407
947;17;385.049;108.748;72.5225;10;1597806006
948;30;465.427;100.469;73.9325;10;1597806006
949;17;382.6945;109.8465;73.531;10;1597809606
950;30;458.9125;100.9155;75.1735;10;1597809606
951;17;378.441;108.2195;73.3295;10;1597813206
952;30;450.7045;100.3065;74.604;10;1597813206
953;17;373.842;107.488;72.824;10;1597816806
954;30;442.9195;100.206;73.7705;10;1597816806
955;17;355.9605;101.841;70.081;10;1597820406
956;30;423.895;99.3315;71.2015;10;1597820406
957;17;346.113;98.5625;69.4155;10;1597824006
958;30;420.7675;100.7715;71.3635;10;1597824006
959;17;333.742;91.4705;66.247;10;1597827606
960;30;432.996;98.3775;68.98;10;1597827606
961;17;330.845;91.6485;67.5995;10;1597831206
962;30;458.4945;98.316;68.121;10;1597831206
963;17;341.397;96.5755;69.314;10;1597834806
964;30;494.8505;100;69.037;10;1597834806
965;17;376.8495;117.602;79.8075;10;1597838407
966;30;542.7325;105.3565;72.885;10;1597838407
967;17;369.912;98.305;67.377;10;1597842007
968;30;545.8865;97.382;65.207;10;1597842007
969;17;403.1235;115.4155;74.9445;10;1597845607
970;30;586.2505;103.8745;71.071;10;1597845607
971;17;412.986;103.73;65.1375;10;1597849207
972;30;604.271;96.6305;64.9805;10;1597849207
973;17;438.5295;121.67;74.7635;10;1597852807
974;30;633.618;103.7735;70.2775;10;1597852807
975;17;457.0245;130.7755;79.788;10;1597856407
976;30;659.3735;107.466;72.743;10;1597856407
977;17;476.5025;131.4945;78.535;10;1597860007
978;30;679.069;105.803;71.5615;10;1597860007
979;17;487.9685;131.2165;78.1925;10;1597863607
980;30;691.519;107.3245;72.6825;10;1597863607
981;17;493.2635;129.29;76.578;10;1597867207
982;30;696.015;107.9755;73.0495;10;1597867207
983;17;492.686;127.019;75.953;10;1597870807
984;30;696.6395;108.6445;73.661;10;1597870807
985;17;485.8925;121.942;74.4395;10;1597874407
986;30;693.1655;108.3615;73.786;10;1597874407
987;17;483.813;122.9635;75.488;10;1597878007
988;30;692.4005;109.498;74.5595;10;1597878007
989;17;477.4515;120.2615;74.339;10;1597881606
990;30;687.96;108.9505;73.9085;10;1597881606
991;17;471.2545;118.8005;74.2985;10;1597885206
992;30;683.8625;108.951;74.091;10;1597885206
993;17;466.3855;119.4535;74.721;10;1597888806
994;30;680.4485;109.499;74.235;10;1597888806
995;17;461.6615;119.029;74.681;10;1597892406
996;30;677.4755;109.438;74.5395;10;1597892406
997;17;455.6335;117.752;74.5395;10;1597896006
998;30;673.0145;109.317;74.4995;10;1597896006
999;17;451.827;119.947;75.428;10;1597899606
1000;30;670.4265;110.0465;75.03;10;1597899606
1001;17;447.0305;118.626;74.924;10;1597903206
1002;30;666.7065;110.1895;75.194;10;1597903206
1003;17;441.293;118.0195;75.064;10;1597906806
1004;30;662.8675;110.27;75.11;10;1597906806
1005;17;416.8335;106.1915;70.6465;10;1597910406
1006;30;642.722;107.2465;70.8105;10;1597910406
1007;17;399.1715;99.194;69.4965;10;1597914006
1008;30;624.63;108.1185;71.2595;10;1597914006
1009;17;409.712;112.786;73.573;10;1597917606
1010;30;636.7045;109.336;70.9735;10;1597917606
1011;17;392.3935;95.5615;67.579;10;1597921206
1012;30;622.193;105.1535;68.5665;10;1597921206
1013;17;401.2515;102.154;69.193;10;1597924806
1014;30;633.003;106.0275;68.3425;10;1597924806
1015;17;425.6025;121.5465;79.667;10;1597928406
1016;30;653.422;115.1375;74.168;10;1597928406
1017;17;435.3005;112.0265;70.949;10;1597932006
1018;30;665.167;108.9275;68.767;10;1597932006
1019;17;454.5575;115.1675;71.6555;10;1597935606
1020;30;681.1745;108.8455;68.053;10;1597935606
1021;17;476.3455;123.03;73.6335;10;1597939206
1022;30;700.323;109.9415;67.8705;10;1597939206
1023;17;524.3405;158.602;89.594;10;1597942806
1024;30;739.754;120.6955;75.086;10;1597942806
1025;17;546.574;152.311;82.8735;10;1597946406
1026;30;757.4425;118.363;73.2535;10;1597946406
1027;17;552.332;139.119;79.828;10;1597950006
1028;30;761.1865;117.775;73.2535;10;1597950006
1029;17;567.8295;148.483;80.978;10;1597953606
1030;30;774.2005;120.862;73.828;10;1597953606
1031;17;569.568;141.66;79.3425;10;1597957206
1032;30;776.891;120.6375;73.7845;10;1597957206
1033;17;570.2735;137.2965;78.1725;10;1597960806
1034;30;778.052;121.105;74.437;10;1597960806
1035;17;570.683;136.366;78.4555;10;1597964406
1036;30;780.5835;120.984;75.295;10;1597964406
1037;17;567.2845;132.7955;76.821;10;1597968006
1038;30;780.7045;120.396;75.0285;10;1597968006
1039;17;564.9365;133.0415;78.1325;10;1597971607
1040;30;779.899;121.0655;75.58;10;1597971607
1041;17;561.282;132.112;78.4155;10;1597975207
1042;30;780.3615;121.6135;75.9055;10;1597975207
1043;17;557.0535;131.384;77.91;10;1597978807
1044;30;779.4765;121.2895;75.987;10;1597978807
1045;17;553.2885;131.71;78.718;10;1597982407
1046;30;779.4755;121.98;76.559;10;1597982407
1047;17;547.4025;130.2485;78.1725;10;1597986007
1048;30;777.587;121.8175;76.4565;10;1597986007
1049;17;541.055;127.141;76.2755;10;1597989607
1050;30;776.1585;120.0515;74.9075;10;1597989607
1051;17;516.0755;116.392;73.1285;10;1597993207
1052;30;761.879;115.2215;72.767;10;1597993207
1053;17;493.3645;106.1655;68.688;10;1597996807
1054;30;741.222;113.0685;70.644;10;1597996807
1055;17;485.6315;101.061;67.741;10;1598000407
1056;30;729.5115;115.098;70.927;10;1598000407
1057;17;511.648;121.6715;72.906;10;1598004007
1058;30;754.282;117.37;71.253;10;1598004007
1059;17;527.8185;123.7735;69.394;10;1598007606
1060;30;764.8725;115.3395;68.078;10;1598007606
1061;17;546.3085;134.5325;74.7215;10;1598011206
1062;30;775.837;120.249;69.931;10;1598011206
1063;17;548.7785;138.8615;80.434;10;1598014806
1064;30;774.524;128.042;74.532;10;1598014806
1065;17;580.6395;154.1045;79.242;10;1598018406
1066;30;793.6555;125.8505;72.5565;10;1598018406
1067;17;592.632;149;76.619;10;1598022006
1068;30;799.7925;127.19;73.191;10;1598022006
1069;17;607.0615;156.127;81.6845;10;1598025606
1070;30;807.3795;131.857;75.247;10;1598025606
1071;17;626.1875;164.6405;82.6325;10;1598029206
1072;30;816.791;132.263;75.6725;10;1598029206
1073;17;638.755;166.696;84.5895;10;1598032806
1074;30;823.6215;134.291;76.387;10;1598032806
1075;17;651.1585;162.5345;80.796;10;1598036406
1076;30;828.88;131.938;75.367;10;1598036406
1077;17;662.4745;166.366;82.4715;10;1598040006
1078;30;834.2405;135.307;76.6935;10;1598040006
1079;17;670.044;163.7505;81.5225;10;1598043606
1080;30;837.212;134.841;77.0005;10;1598043606
1081;17;674.1785;161.1765;81.684;10;1598047206
1082;30;838.956;135.5515;77.7325;10;1598047206
1083;17;677.7885;159.1125;80.8365;10;1598050806
1084;30;840.8405;135.5305;77.673;10;1598050806
1085;17;681.6545;159.3425;81.684;10;1598054406
1086;30;843.171;136.608;78.61;10;1598054406
1087;17;684.404;158.392;81.017;10;1598058006
1088;30;846.099;136.5065;78.4885;10;1598058006
1089;17;684.8525;156.125;81.0585;10;1598061606
1090;30;846.522;136.588;78.632;10;1598061606
1091;17;685.4875;156.1115;81.079;10;1598065206
1092;30;847.243;136.488;79.0805;10;1598065206
1093;17;686.1585;154.796;81.3415;10;1598068806
1094;30;848.304;137.177;79.245;10;1598068806
1095;17;686.564;155.105;81.725;10;1598072407
1096;30;849.25;137.117;79.9175;10;1598072407
1097;17;687.473;153.95;81.7045;10;1598076007
1098;30;850.3725;137.381;79.8145;10;1598076007
1099;17;686.8995;152.266;81.36;10;1598079607
1100;30;850.253;136.751;79.653;10;1598079607
1101;17;684.0895;150.886;81.0585;10;1598083207
1102;30;849.007;137.117;79.734;10;1598083207
1103;17;679.3345;144.7305;79.142;10;1598086807
1104;30;844.6905;135.087;78.2245;10;1598086807
1105;17;672.941;133.8755;75.1865;10;1598090407
1106;30;838.286;131.3525;75.29;10;1598090407
1107;17;662.285;135.128;77.0235;10;1598094006
1108;30;834.2375;135.674;75.8005;10;1598094006
1109;17;675.1075;155.1115;78.375;10;1598097606
1110;30;842.1785;135.184;73.009;10;1598097606
1111;17;667.4675;150.249;77.7895;10;1598101206
1112;30;838.8125;140.076;75.047;10;1598101206
1113;17;689.839;172.752;80.332;10;1598104806
1114;30;847.4855;141.8195;73.865;10;1598104806
1115;17;705.46;191.2365;89.9375;10;1598108406
1116;30;852.243;152.391;79.973;10;1598108406
1117;17;714.118;183.4085;80.7965;10;1598112006
1118;30;856.2755;146.426;75.7585;10;1598112006
1119;17;722.945;192.1;83.944;10;1598115607
1120;30;859.769;151.376;77.2055;10;1598115607
1121;17;735.0355;193.0605;82.8555;10;1598119207
1122;30;863.5625;151.945;76.736;10;1598119207
1123;17;749.8555;203.1665;88.4235;10;1598122807
1124;30;869.369;156.51;81.6255;10;1598122807
1125;17;755.511;196.8425;86.7295;10;1598126407
1126;30;872.3785;155.3755;81.484;10;1598126407
1127;17;762.2935;196.3095;87.7775;10;1598130007
1128;30;876.673;157.6885;83.604;10;1598130007
1129;17;766.4805;191.064;85.7395;10;1598133607
1130;30;879.7265;156.25;83.7895;10;1598133607
1131;17;768.015;185.855;86.184;10;1598137206
1132;30;880.8295;156.0885;84.6065;10;1598137206
1133;17;769.4695;181.278;85.517;10;1598140806
1134;30;881.7125;155.257;84.2395;10;1598140806
1135;17;768.751;175.4515;84.8315;10;1598144406
1136;30;880.9105;154.0385;83.3415;10;1598144406
1137;17;769.1495;176.4945;86.8495;10;1598148006
1138;30;880.589;155.3995;84.279;10;1598148006
1139;17;769.9545;176.093;86.2035;10;1598151606
1140;30;881.492;154.9935;84.239;10;1598151606
1141;17;769.325;173.6595;85.8815;10;1598155206
1142;30;880.5465;154.0005;83.75;10;1598155206
1143;17;769.44;173.317;86.4665;10;1598158806
1144;30;880.3455;154.223;83.972;10;1598158806
1145;17;769.3655;172.324;86.183;10;1598162406
1146;30;879.984;154.1825;83.382;10;1598162406
1147;17;764.9975;166.0735;84.307;10;1598166006
1148;30;877.296;151.139;81.9945;10;1598166006
1149;17;767.1175;170.982;86.3045;10;1598169606
1150;30;877.4975;155.279;82.728;10;1598169606
1151;17;757.765;159.846;83.0565;10;1598173206
1152;30;868.567;155.054;79.7725;10;1598173206
1153;17;760.7685;169.603;79.4645;10;1598176806
1154;30;870.1865;152.4945;75.3935;10;1598176806
1155;17;769.394;192.086;83.8625;10;1598180406
1156;30;874.944;159.4515;75.658;10;1598180406
1157;17;759.8705;185.877;82.451;10;1598184006
1158;30;870.708;161.116;77.2255;10;1598184006
1159;17;761.548;201.358;89.4335;10;1598187606
1160;30;870.949;171.8715;83.8245;10;1598187606
1161;17;772.705;216.9505;91.876;10;1598191206
1162;30;873.3365;174.9545;81.9515;10;1598191206
1163;17;783.207;227.064;91.25;10;1598194806
1164;30;877.327;176.9835;83.012;10;1598194806
1165;17;781.4955;215.9615;86.044;10;1598198406
1166;30;877.7055;172.7015;79.385;10;1598198406
1167;17;791.8075;234.6695;87.7785;10;1598202007
1168;30;880.916;177.3065;79.017;10;1598202007
1169;17;805.7865;247.5865;92.9655;10;1598205607
1170;30;885.735;183.4955;82.932;10;1598205607
1171;17;811.04;243.177;93.166;10;1598209207
1172;30;888.624;184.1455;84.7865;10;1598209207
1173;17;817.7185;238.6545;92.5415;10;1598212807
1174;30;892.7605;183.621;85.4595;10;1598212807
1175;17;818.809;228.2145;91.1085;10;1598216407
1176;30;893.723;181.1255;85.0525;10;1598216407
1177;17;820.646;222.9535;91.189;10;1598220007
1178;30;894.9465;181.188;86.0085;10;1598220007
1179;17;823.406;220.1065;91.632;10;1598223606
1180;30;895.5085;181.3515;86.6815;10;1598223606
1181;17;824.381;216.154;91.2695;10;1598227206
1182;30;893.9275;180.317;86.621;10;1598227206
1183;17;827.435;215.5975;92.1165;10;1598230806
1184;30;889.9875;181.17;87.19;10;1598230806
1185;17;829.931;214.2455;92.2165;10;1598234406
1186;30;886.559;181.496;88.494;10;1598234406
1187;17;829.9175;210.047;91.672;10;1598238006
1188;30;887.238;179.426;87.781;10;1598238006
1189;17;829.59;206.6185;90.9865;10;1598241606
1190;30;886.999;178.656;87.3155;10;1598241606
1191;17;830.5215;206.89;92.4175;10;1598245207
1192;30;886.798;179.6295;88.3125;10;1598245207
1193;17;831.654;205.1875;91.4305;10;1598248806
1194;30;888.395;178.6775;87.803;10;1598248806
1195;17;830.2375;200.6165;90.482;10;1598252406
1196;30;886.639;177.1555;87.2145;10;1598252406
1197;17;823.785;189.1395;85.5185;10;1598256006
1198;30;881.686;170.4575;83.4395;10;1598256006
1199;17;818.757;198.7515;91.533;10;1598259606
1200;30;878.572;183.178;84.584;10;1598259606
1201;17;821.299;213.3385;89.917;10;1598263206
1202;30;880.21;186.137;81.61;10;1598263206
1203;17;817.7195;219.7935;90.2815;10;1598266806
1204;30;878.372;190.3165;84.9265;10;1598266806
1205;17;821.905;235.7115;90.3605;10;1598270407
1206;30;879.051;193.2355;83.277;10;1598270407
1207;17;823.858;244.9565;92.139;10;1598274007
1208;30;880.21;198.025;85.2725;10;1598274007
1209;17;828.2515;249.619;91.1495;10;1598277607
1210;30;881.048;200.5195;83.9475;10;1598277607
1211;17;826.025;242.063;89.3945;10;1598281207
1212;30;880.29;199.3245;85.292;10;1598281207
1213;17;832.732;255.6075;89.6145;10;1598284807
1214;30;881.926;201.572;81.483;10;1598284807
1215;17;837.2505;277.5215;98.9175;10;1598288407
1216;30;883.085;216.649;86.4545;10;1598288407
1217;17;842.5315;284.5355;97.1835;10;1598292006
1218;30;883.604;218.3925;85.987;10;1598292006
1219;17;849.081;295.9385;102.913;10;1598295606
1220;30;886.798;224.644;89.496;10;1598295606
1221;17;853.538;290.5375;99.523;10;1598299206
1222;30;887.397;219.43;89.1285;10;1598299206
1223;17;859.197;286.853;100.29;10;1598302806
1224;30;877.454;216.998;90.1475;10;1598302806
1225;17;861.539;274.5325;99.8055;10;1598306406
1226;30;NA;216.371;91.0845;10;1598306406
1227;17;862.7875;262.918;98.1305;10;1598310006
1228;30;NA;212.9025;90.3525;10;1598310006
1229;17;862.943;254.226;97.5045;10;1598313606
1230;30;NA;211.443;90.6985;10;1598313606
1231;17;862.253;246.684;97.363;10;1598317206
1232;30;NA;210.592;90.455;10;1598317206
1233;17;860.8905;241.152;97.1015;10;1598320806
1234;30;NA;209.6995;90.6365;10;1598320806
1235;17;861.3055;237.6475;97.464;10;1598324406
1236;30;NA;209.5385;90.883;10;1598324406
1237;17;858.936;237.2295;99.039;10;1598328006
1238;30;NA;211.9125;92.2675;10;1598328006
1239;17;858.427;237.4815;98.9775;10;1598331606
1240;30;NA;212.0145;92.858;10;1598331606
1241;30;NA;188.732;97.9;10;1598335209
1242;17;856.0405;221.158;94.1755;10;1598338809
1243;30;NA;203.412;92.1525;10;1598338809
1244;17;854.0465;222.4775;96.4345;10;1598342409
1245;30;NA;210.0475;91.7205;10;1598342409
1246;17;853.207;222.093;95.9915;10;1598346009
1247;30;NA;213.3325;91.923;10;1598346009
1248;17;848.8945;211.5495;90.2615;10;1598349609
1249;30;NA;209.19;89.358;10;1598349609
1250;17;842.1925;213.2055;98.736;10;1598353209
1251;30;NA;225.0565;92.796;10;1598353209
1252;17;840.379;221.3865;96.8585;10;1598356806
1253;30;NA;230.856;91.3305;10;1598356806
1254;17;835.047;225.1735;97.505;10;1598360406
1255;30;NA;235.481;91.6535;10;1598360406
1256;17;835.797;236.1965;98.0095;10;1598364006
1257;30;NA;242.357;91.6755;10;1598364006
1258;17;833.304;238.718;96.0715;10;1598367606
1259;30;NA;243.6335;90.5965;10;1598367606
1260;17;830.7895;236.679;91.006;10;1598371206
1261;30;NA;240.9725;88.766;10;1598371206
1262;17;831.287;254.718;98.877;10;1598374806
1263;30;NA;255.705;92.347;10;1598374806
1264;17;828.6395;253.039;99.382;10;1598378407
1265;30;822.425;257.856;91.3695;10;1598378407
1266;17;830.1155;267.295;106.041;10;1598382007
1267;30;831.052;266.054;95.7125;10;1598382007
1268;17;832.076;271.9575;102.5305;10;1598385607
1269;30;837.841;262.26;95.5745;10;1598385607
1270;17;830.271;266.04;102.1255;10;1598389207
1271;30;839.278;258.1655;96.7135;10;1598389207
1272;17;829.316;260.569;101.5;10;1598392807
1273;30;824.1005;255.0635;96.8355;10;1598392807
1274;17;829.5;259.261;102.732;10;1598396407
1275;30;826.4275;253.827;97.8775;10;1598396407
1276;17;828.4725;253.2575;100.996;10;1598400006
1277;30;826.4635;250.156;97.0395;10;1598400006
1278;17;825.447;247.1485;101.036;10;1598403606
1279;30;825.0535;248.2705;96.4465;10;1598403606
1280;17;824.3585;245.551;101.9655;10;1598407206
1281;30;826.0725;248.3125;97.121;10;1598407206
1282;17;817.9575;232.7955;99.0795;10;1598410806
1283;30;820.1;244.134;95.038;10;1598410806
1284;17;817.642;239.1955;102.1655;10;1598414406
1285;30;823.796;250.9515;96.5045;10;1598414406
1286;17;817.2385;241.31;102.2055;10;1598418007
1287;30;826.1435;252.9395;96.362;10;1598418007
1288;17;817.1775;244.0325;102.126;10;1598421607
1289;30;828.7745;255.15;96.7115;10;1598421607
1290;17;813.741;241.309;101.7235;10;1598425207
1291;30;827.51;256.1235;96.219;10;1598425207
1292;17;806.9545;235.8395;98.696;10;1598428807
1293;30;819.571;256.444;95.203;10;1598428807
1294;17;810.985;257.8275;105.032;10;1598432407
1295;30;835.87;278.9235;96.891;10;1598432407
1296;17;808.089;261.122;103.3365;10;1598436007
1297;30;837.9205;282.534;96.6275;10;1598436007
1298;17;808.0975;269.5645;104.306;10;1598439606
1299;30;843.966;289.452;97.321;10;1598439606
1300;17;807.4935;274.676;104.0035;10;1598443206
1301;30;847.726;293.447;97.8705;10;1598443206
1302;17;801.1685;267.6485;100.7545;10;1598446806
1303;30;845.6585;291.05;95.492;10;1598446806
1304;17;794.655;258.579;101.016;10;1598450406
1305;30;842.5135;291.7595;94.9995;10;1598450406
1306;17;797.388;279.26;105.012;10;1598454006
1307;30;849.2705;306.2875;95.936;10;1598454006
1308;17;797.8095;283.02;104.2455;10;1598457606
1309;30;852.309;310.789;94.973;10;1598457606
1310;17;799.6755;308.821;109.0085;10;1598461206
1311;30;859.0605;326.6585;98.0105;10;1598461206
1312;17;801.986;325.4055;113.3675;10;1598464806
1313;30;864.7085;339.56;99.663;10;1598464806
1314;17;803.639;329.1345;110.8645;10;1598468406
1315;30;869.6505;342.2975;100.601;10;1598468406
1316;17;805.3045;328.2175;109.8755;10;1598472006
1317;30;873.646;340.1475;100.194;10;1598472006
1318;17;806.129;324.9865;109.7145;10;1598475606
1319;30;876.4165;336.275;102.7815;10;1598475606
1320;17;806.004;318.9135;110.138;10;1598479206
1321;30;878.064;332.728;103.883;10;1598479206
1322;17;807.7105;316.232;110.905;10;1598482806
1323;30;881.0335;330.621;104.7015;10;1598482806
1324;17;807.8685;309.5045;110.2995;10;1598486406
1325;30;882.599;326.099;105.433;10;1598486406
1326;17;807.2825;303.913;110.8435;10;1598490006
1327;30;883.098;322.957;106.0055;10;1598490006
1328;17;806.559;298.2775;110.238;10;1598493606
1329;30;884.1;319.002;106.108;10;1598493606
1330;17;805.3915;292.4985;109.391;10;1598497206
1331;30;884.782;315.757;106.7;10;1598497206
1332;17;803.365;288.525;110.3195;10;1598500806
1333;30;884.66;314.116;107.1885;10;1598500806
1334;17;801.614;284.1665;110.2985;10;1598504407
1335;30;884.678;311.5205;107.29;10;1598504407
1336;17;800.049;279.7015;109.693;10;1598508007
1337;30;884.657;309.1275;107.066;10;1598508007
1338;17;792.831;268.8325;106.6665;10;1598511607
1339;30;880.221;298.1085;103.538;10;1598511607
1340;17;784.7155;258.381;104.1845;10;1598515207
1341;30;874.9925;298.3325;100.806;10;1598515207
1342;17;774.808;245.9935;102.9135;10;1598518807
1343;30;869.1285;299.671;100.259;10;1598518807
1344;17;771.149;251.3505;101.8635;10;1598522407
1345;30;869.6445;315.328;96.211;10;1598522407
1346;17;771.7565;279.2435;112.3585;10;1598526007
1347;30;871.7765;349.4155;101.681;10;1598526007
1348;17;769.3375;285.984;108.0585;10;1598529606
1349;30;871.4325;356.856;100.605;10;1598529606
1350;17;767.9685;294.3665;109.5325;10;1598533206
1351;30;871.8375;367.041;101.824;10;1598533206
1352;17;758.353;280.56;104.2655;10;1598536806
1353;30;869.408;360.85;98.18;10;1598536806
1354;17;760.7625;300.083;115.9305;10;1598540406
1355;30;868.6865;380.0695;104.7885;10;1598540406
1356;17;765.7385;322.898;114.3965;10;1598544006
1357;30;871.3425;396.4195;102.25;10;1598544006
1358;17;769.1145;345.615;114.558;10;1598547606
1359;30;872.832;414.3755;102.514;10;1598547606
1360;17;770.851;360.43;115.97;10;1598551206
1361;30;874.4595;427.8055;102.9005;10;1598551206
1362;17;774.163;369.3885;120.7125;10;1598554806
1363;30;876.5305;438.924;106.671;10;1598554806
1364;17;777.4775;371.765;116.7365;10;1598558406
1365;30;878.3885;440.3825;109.017;10;1598558406
1366;17;776.029;360.186;113.3475;10;1598562006
1367;30;894.945;432.103;108.1615;10;1598562006
1368;17;776.296;354.8215;114.5365;10;1598565606
1369;30;896.223;430.807;110.4855;10;1598565606
1370;17;772.2385;339.9645;112.317;10;1598569206
1371;30;894.505;420.2555;107.43;10;1598569206
1372;17;770.7765;334.2945;113.103;10;1598572807
1373;30;894.186;418.9795;109.203;10;1598572807
1374;17;769.039;326.914;112.4585;10;1598576407
1375;30;893.628;414.092;108.4505;10;1598576407
1376;17;766.753;320.9535;112.397;10;1598580007
1377;30;892.908;410.664;108.4505;10;1598580007
1378;17;765.8485;317.3085;113.365;10;1598583607
1379;30;893.587;408.7795;109.9385;10;1598583607
1380;17;764.1495;313.0325;112.962;10;1598587207
1381;30;893.108;405.0885;109.408;10;1598587207
1382;17;764.5565;311.4985;114.738;10;1598590807
1383;30;894.106;404.176;111.606;10;1598590807
1384;17;765.4875;309.089;113.991;10;1598594406
1385;30;895.065;401.6215;111.463;10;1598594406
1386;17;760.766;299.7655;112.902;10;1598598006
1387;30;893.746;394.8245;109.6105;10;1598598006
1388;17;755.664;291.2755;110.9645;10;1598601606
1389;30;892.029;387.7645;108.0205;10;1598601606
1390;17;751.413;285.9725;111.4485;10;1598605206
1391;30;888.395;386.733;107.367;10;1598605206
1392;17;746.999;279.7545;109.9565;10;1598608806
1393;30;877.693;383.9735;106.393;10;1598608806
1394;17;736.0625;271.5705;112.64;10;1598612406
1395;30;NA;384.669;107.6675;10;1598612406
1396;17;736.1715;285.3245;111.226;10;1598616006
1397;30;NA;408.8125;104.9025;10;1598616006
1398;17;733.6485;292.3095;108.2195;10;1598619606
1399;30;NA;421.655;103.8025;10;1598619606
1400;17;739.691;320.9155;113.992;10;1598623206
1401;30;NA;449.292;107.1205;10;1598623206
1402;17;746.2075;348.3115;119.037;10;1598626806
1403;30;NA;473.174;109.525;10;1598626806
1404;17;752.169;366.704;120.087;10;1598630406
1405;30;NA;493.1395;110.484;10;1598630406
1406;17;754.8985;373.0965;117.0595;10;1598634006
1407;30;NA;503.141;110.221;10;1598634006
1408;17;757.962;382.114;119.5215;10;1598637607
1409;30;NA;515.4365;111.7685;10;1598637607
1410;17;763.6055;395.6515;122.892;10;1598641207
1411;30;NA;528.098;113.7895;10;1598641207
1412;17;765.79;392.841;119.3395;10;1598644807
1413;30;NA;527.3035;113.631;10;1598644807
1414;17;767.42;392.188;121.256;10;1598648407
1415;30;836.28;528.927;115.198;10;1598648407
1416;17;771.938;390.522;121.8215;10;1598652007
1417;30;840.195;528.5195;116.6255;10;1598652007
1418;17;771.967;383.857;120.4285;10;1598655607
1419;30;840.478;525.271;116.1595;10;1598655607
1420;17;770.3545;374.444;119.501;10;1598659206
1421;30;838.016;520.5005;115.7505;10;1598659206
1422;17;770.3985;368.993;120.1665;10;1598662806
1423;30;838.136;519.466;116.301;10;1598662806
1424;17;771.6195;366.614;121.5185;10;1598666406
1425;30;839.55;520.278;117.3175;10;1598666406
1426;17;772.4195;362.81;121.2365;10;1598670006
1427;30;840.439;519.4055;117.7465;10;1598670006
1428;17;773.146;359.3055;121.881;10;1598673606
1429;30;841.164;518.4315;118.3385;10;1598673606
1430;17;773.919;356.2915;122.0435;10;1598677206
1431;30;842.295;517.722;119.09;10;1598677206
1432;17;774.478;351.4065;121.235;10;1598680807
1433;30;842.456;515.2655;118.7865;10;1598680807
1434;17;773.2425;344.769;120.5895;10;1598684407
1435;30;840.922;511.4095;118.5015;10;1598684407
1436;17;768.121;332.685;117.28;10;1598688007
1437;30;834.949;500.287;116.7485;10;1598688007
1438;17;761.884;325.979;119.461;10;1598691607
1439;30;830.386;499.4395;116.805;10;1598691607
1440;17;760.291;326.0055;116.938;10;1598695207
1441;30;829.901;507.4185;115.789;10;1598695207
1442;17;761.928;338.8005;119.602;10;1598698807
1443;30;833.212;526.519;116.032;10;1598698807
1444;17;757.8715;342.476;120.2685;10;1598702406
1445;30;830.709;531.778;116.013;10;1598702406
1446;17;756.6565;351.752;121.9835;10;1598706006
1447;30;830.75;540.6265;115.563;10;1598706006
1448;17;760.791;363.072;117.6655;10;1598709606
1449;30;835.31;552.2125;111.845;10;1598709606
1450;17;768.207;390.338;124.2635;10;1598713206
1451;30;843.426;577.138;117.016;10;1598713206
1452;17;771.3765;400.404;128.4625;10;1598716806
1453;30;846.413;588.5045;121.4075;10;1598716806
1454;17;777.2085;414.055;124.93;10;1598720406
1455;30;851.984;601.2875;117.3645;10;1598720406
1456;17;781.24;429.728;128.26;10;1598724006
1457;30;857.232;617.954;123.1435;10;1598724006
1458;17;785.892;436.7125;129.47;10;1598727606
1459;30;862.158;626.4575;125.3865;10;1598727606
1460;17;791.198;437.459;128.8045;10;1598731206
1461;30;865.751;630.575;127.079;10;1598731206
1462;17;793.7645;432.1695;126.4235;10;1598734806
1463;30;866.112;626.7155;125.6155;10;1598734806
1464;17;795.884;427.125;127.069;10;1598738406
1465;30;867.365;626.836;127.427;10;1598738406
1466;17;796.636;419.9915;126.281;10;1598742006
1467;30;868.535;623.2015;127.285;10;1598742006
1468;17;797.498;412.7715;126.0995;10;1598745606
1469;30;868.01;620.256;127.1;10;1598745606
1470;17;797.905;404.8615;125.3325;10;1598749206
1471;30;867.446;616.9445;126.53;10;1598749206
1472;17;792.936;398.1315;125.7365;10;1598752806
1473;30;867.324;614.4275;127.282;10;1598752806
1474;17;788.3745;391.928;125.8965;10;1598756406
1475;30;866.76;612.5585;127.141;10;1598756406
1476;17;782.358;384.4825;124.748;10;1598760006
1477;30;866.073;609.453;126.6325;10;1598760006
1478;17;772.899;379.413;125.797;10;1598763606
1479;30;865.346;608.011;127.4465;10;1598763606
1480;17;762.625;373.672;125.9175;10;1598767207
1481;30;865.265;607.3;127.0185;10;1598767207
1482;17;749.7845;367.747;125.8175;10;1598770807
1483;30;864.014;604.275;126.7125;10;1598770807
1484;17;732.05;359.891;124.6065;10;1598774407
1485;30;861.269;601.273;125.8375;10;1598774407
1486;17;713.541;355.836;125.5945;10;1598778007
1487;30;860.422;607.608;126.8545;10;1598778007
1488;17;693.411;352.3235;125.4325;10;1598781607
1489;30;860.099;614.1885;126.592;10;1598781607
1490;17;668.7775;346.823;123.859;10;1598785207
1491;30;859.169;618.6955;125.2505;10;1598785207
1492;17;640.4235;346.951;125.977;10;1598788806
1493;30;860.583;630.3705;127.47;10;1598788806
1494;17;608.117;345.4855;126.5225;10;1598792406
1495;30;861.834;637.394;127.144;10;1598792406
1496;17;571.0265;343.311;125.977;10;1598796006
1497;30;861.067;643.9935;126.6365;10;1598796006
1498;17;532.9665;345.178;128.7025;10;1598799606
1499;30;860.866;651.506;129.447;10;1598799606
1500;17;500.882;355.515;129.1065;10;1598803206
1501;30;863.773;665.2695;130.244;10;1598803206
1502;17;475.0005;366.892;131.225;10;1598806806
1503;30;867.043;677.8975;132.548;10;1598806806
1504;17;454.3095;373.2125;130.7605;10;1598810406
1505;30;869.544;686.91;133.6085;10;1598810406
1506;17;442.3555;366.318;130.0345;10;1598814006
1507;30;871.483;689.8925;134.5255;10;1598814006
1508;17;436.0586;366.1805;130.1755;10;1598817606
1509;30;874.187;692.448;135.5885;10;1598817606
1510;17;431.68315;365.315;130.2565;10;1598821206
1511;30;874.47;693.808;136.0555;10;1598821206
1512;17;428.59055;365.6085;130.5185;10;1598824806
1513;30;875.479;695.593;137.035;10;1598824806
1514;17;425.706;363.6425;130.5385;10;1598828406
1515;30;877.012;695.166;137.4415;10;1598828406
1516;17;422.5534;361.3745;129.8725;10;1598832006
1517;30;876.69;694.719;137.5855;10;1598832006
1518;17;419.90685;358.273;130.0335;10;1598835606
1519;30;877.176;693.2355;137.6445;10;1598835606
1520;17;416.91355;355.5335;129.9535;10;1598839206
1521;30;876.368;692.1395;137.584;10;1598839206
1522;17;414.26195;353.465;130.2155;10;1598842806
1523;30;877.256;691.183;137.7265;10;1598842806
1524;17;411.78585;351.864;130.256;10;1598846406
1525;30;877.012;691.751;138.3985;10;1598846406
1526;17;409.4608;350.4265;130.619;10;1598850006
1527;30;877.537;691.8735;138.683;10;1598850006
1528;17;405.81025;347.075;130.0945;10;1598853607
1529;30;875.964;690.3285;137.8075;10;1598853607
1530;17;401.299;341.94;129.8305;10;1598857207
1531;30;874.187;686.3905;137.46;10;1598857207
1532;17;392.91565;332.189;126.7445;10;1598860807
1533;30;NA;677.3555;134.8945;10;1598860807
1534;17;386.9088;324.0975;127.45;10;1598864407
1535;30;NA;672.3015;134.1;10;1598864407
1536;17;382.21305;319.439;127.6925;10;1598868007
1537;30;NA;672.202;133.5055;10;1598868007
1538;17;389.74345;343.359;142.8695;10;1598871607
1539;30;NA;702.01;144.056;10;1598871607
1540;17;366.11675;348.2935;133.8895;10;1598875207
1541;30;NA;709.824;140.174;10;1598875207
1542;17;345.72915;347.8075;132.294;10;1598878807
1543;30;NA;709.5995;138.8865;10;1598878807
1544;17;323.173;340.592;131.124;10;1598882407
1545;30;NA;704.564;139.334;10;1598882407
1546;17;292.1947;334.439;125.1495;10;1598886007
1547;30;NA;700.381;137.0975;10;1598886007
1548;17;262.95975;356.9815;141.0125;10;1598889607
1549;30;NA;727.447;145.6365;10;1598889607
1550;17;155.03885;356.293;135.281;10;1598893207
1551;30;NA;730.7955;144.2315;10;1598893207
1552;17;8.6682;351.071;134.474;10;1598896806
1553;30;NA;729.5975;143.536;10;1598896806
1554;17;9.7739;341.7025;135.18;10;1598900406
1555;30;NA;729.678;144.104;10;1598900406
1556;17;11.09875;322.2545;134.6755;10;1598904006
1557;30;NA;730.407;144.043;10;1598904006
1558;17;12.356;292.5395;134.614;10;1598907606
1559;30;NA;729.9195;144.0215;10;1598907606
1560;17;13.2041;257.611;134.4125;10;1598911206
1561;30;NA;729.29;144.104;10;1598911206
1562;17;13.0941;222.1435;134.6345;10;1598914806
1563;30;NA;729.573;144.4075;10;1598914806
1564;17;14.87315;188.0395;133.908;10;1598918406
1565;30;NA;729.0045;144.549;10;1598918406
1566;17;16.39745;157.3905;132.9995;10;1598922006
1567;30;NA;727.237;143.6115;10;1598922006
1568;17;17.1879;132.9155;132.5565;10;1598925606
1569;30;NA;725.937;143.732;10;1598925606
1570;17;17.3791;114.272;132.374;10;1598929206
1571;30;NA;724.6775;143.5265;10;1598929206
1572;17;18.31535;100.0315;131.7895;10;1598932806
1573;30;NA;723.5795;143.751;10;1598932806
1574;17;18.5691;89.326;131.384;10;1598936406
1575;30;NA;722.524;143.486;10;1598936406
1576;17;23.3749;81.3;130.7795;10;1598940007
1577;30;NA;721.59;143.3635;10;1598940007
1578;17;24.90785;74.854;130.1335;10;1598943607
1579;30;NA;720.4315;143.7285;10;1598943607
1580;17;25.71395;67.412;128.842;10;1598947207
1581;30;NA;717.407;143.7065;10;1598947207
1582;17;25.7865;60.34;127.1665;10;1598950807
1583;30;NA;712.615;142.506;10;1598950807
1584;17;25.81335;55.1797;126.985;10;1598954407
1585;30;NA;706.768;143.054;10;1598954407
1586;17;26.4237;53.10545;126.5405;10;1598958007
1587;30;NA;708.23;144.0965;10;1598958007
1588;17;27.11855;47.92335;123.978;10;1598961606
1589;30;NA;706.6875;144.1995;10;1598961606
1590;17;27.5623;43.4396;124.5645;10;1598965206
1591;30;NA;705.8965;146.912;10;1598965206
1592;17;28.8488;48.22705;125.694;10;1598968806
1593;30;NA;713.573;147.525;10;1598968806
1594;17;29.6282;47.4505;125.19;10;1598972406
1595;30;NA;719.2595;149.258;10;1598972406
1596;17;30.90265;46.8751;126.724;10;1598976006
1597;30;NA;724.558;151.9905;10;1598976006
1598;17;32.5593;58.948;131.7895;10;1598979606
1599;30;NA;738.467;156.4265;10;1598979606
1600;17;34.25515;60.4585;129.389;10;1598983207
1601;30;NA;747.605;155.4765;10;1598983207
1602;17;35.11295;58.389;126.542;10;1598986807
1603;30;NA;751.359;156.4555;10;1598986807
1604;17;35.89845;55.6077;124.0805;10;1598990407
1605;30;NA;751.785;155.9475;10;1598990407
1606;17;36.4903;54.5707;122.99;10;1598994007
1607;30;NA;752.9835;155.9685;10;1598994007
1608;17;37.2501;53.51095;122.3445;10;1598997607
1609;30;NA;753.672;156.6795;10;1598997607
1610;17;37.6335;53.14505;121.053;10;1599001207
1611;30;NA;753.1665;156.4555;10;1599001207
1612;17;38.2573;52.4958;120.085;10;1599004806
1613;30;NA;754.0985;156.7205;10;1599004806
1614;17;38.4595;51.9045;118.572;10;1599008406
1615;30;NA;754.037;156.6795;10;1599008406
1616;17;39.0685;51.43595;117.6225;10;1599012006
1617;30;NA;753.673;157.229;10;1599012006
1618;17;39.67625;51.3346;116.4725;10;1599015606
1619;30;NA;753.6705;157.3105;10;1599015606
1620;17;40.17385;51.27425;115.8875;10;1599019206
1621;30;NA;753.8745;157.39;10;1599019206
1622;17;40.31845;50.98935;114.656;10;1599022806
1623;30;NA;753.9145;157.4915;10;1599022806
1624;17;40.8392;51.8821;114.5755;10;1599026406
1625;30;NA;753.7325;158.3875;10;1599026406
1626;17;41.3785;49.80985;112.6185;10;1599030006
1627;30;NA;752.4115;157.104;10;1599030006
1628;17;41.20195;45.5432;110.1765;10;1599033606
1629;30;NA;743.5175;155.453;10;1599033606
1630;17;41.35035;44.1525;109.571;10;1599037206
1631;30;NA;741.9355;155.5975;10;1599037206
1632;17;42.42015;38.53755;107.0085;10;1599040806
1633;30;NA;734.7475;155.2465;10;1599040806
1634;17;43.66535;38.10115;107.191;10;1599044406
1635;30;NA;731.9465;157.1675;10;1599044406
1636;17;44.95815;41.0288;106.282;10;1599048007
1637;30;NA;736.3535;158.2065;10;1599048007
1638;17;47.6577;53.02;115.2645;10;1599051607
1639;30;NA;747.8475;164.079;10;1599051607
1640;17;48.5731;46.5076;107.373;10;1599055207
1641;30;NA;749.6325;159.374;10;1599055207
1642;17;51.6743;67.77;119.0785;10;1599058807
1643;30;NA;768.6805;169.5405;10;1599058807
1644;17;52.4353;62.8745;111.8745;10;1599062407
1645;30;NA;772.194;168.265;10;1599062407
1646;17;54.10425;57.6045;111.1685;10;1599066007
1647;30;NA;772.985;170.453;10;1599066007
1648;17;54.9766;68.284;115.1045;10;1599069606
1649;30;NA;782.793;173.2975;10;1599069606
1650;17;55.7792;68.998;112.4395;10;1599073206
1651;30;NA;787.3605;173.278;10;1599073206
1652;17;56.58675;68.654;110.582;10;1599076806
1653;30;NA;791.7055;172.9905;10;1599076806
1654;17;57.3857;67.8015;109.191;10;1599080406
1655;30;NA;793.369;173.8655;10;1599080406
1656;17;57.78145;67.8015;108.323;10;1599084006
1657;30;NA;794.749;174.4565;10;1599084006
1658;17;58.38065;67.841;107.394;10;1599087606
1659;30;NA;795.967;174.3545;10;1599087606
1660;17;58.90025;67.4525;106.97;10;1599091207
1661;30;NA;796.4945;174.4335;10;1599091207
1662;17;59.2947;67.148;105.8395;10;1599094807
1663;30;NA;796.574;174.1675;10;1599094807
1664;17;59.8107;66.2735;104.951;10;1599098407
1665;30;NA;796.8375;173.412;10;1599098407
1666;17;60.11095;65.987;103.6605;10;1599102007
1667;30;NA;796.2485;172.4745;10;1599102007
1668;17;60.68925;66.0675;104.0435;10;1599105607
1669;30;NA;796.817;173.5125;10;1599105607
1670;17;61.18685;65.5985;103.2775;10;1599109207
1671;30;NA;796.309;173.001;10;1599109207
1672;17;61.0742;65.089;101.945;10;1599112806
1673;30;722.274;795.0905;171.92;10;1599112806
1674;17;61.29725;63.6465;100.593;10;1599116406
1675;30;719.167;793.1415;169.944;10;1599116406
1676;17;61.0742;62.1;99.5845;10;1599120006
1677;30;715.372;790.7255;169.578;10;1599120006
1678;17;60.8966;58.8465;97.4855;10;1599123606
1679;30;707.781;784.4515;167.8845;10;1599123606
1680;17;61.81815;59.1905;98.5745;10;1599127206
1681;30;702.776;782.462;168.8635;10;1599127206
1682;17;62.7273;58.8655;96.7175;10;1599130806
1683;30;703.988;782.8465;167.806;10;1599130806
1684;17;64.1598;54.655;95.6095;10;1599134406
1685;30;697.728;777.1225;169.786;10;1599134406
1686;17;65.77495;63.7415;100.0685;10;1599138006
1687;30;709.559;783.2755;175.695;10;1599138006
1688;17;68.33425;67.2595;100.089;10;1599141607
1689;30;719.086;787.966;176.8615;10;1599141607
1690;17;70.8857;73.4395;102.491;10;1599145207
1691;30;733.134;795.154;181.9575;10;1599145207
1692;17;71.409;72.975;100.5545;10;1599148807
1693;30;735.879;796.3315;180.8425;10;1599148807
1694;17;71.96425;76.273;100.938;10;1599152407
1695;30;741.612;801.0835;182.35;10;1599152407
1696;17;72.4662;75.521;99.3635;10;1599156007
1697;30;740.2;801.896;181.5335;10;1599156007
1698;17;72.8208;75.4405;98.5155;10;1599159607
1699;30;740.2;802.849;181.4915;10;1599159607
1700;17;73.3427;75.1565;98.01;10;1599163206
1701;30;741.328;804.0885;181.5925;10;1599163206
1702;17;73.59495;74.769;97.6475;10;1599166806
1703;30;742.015;803.986;181.387;10;1599166806
1704;17;73.9453;74.5245;96.821;10;1599170406
1705;30;740.481;804.3105;181.1815;10;1599170406
1706;17;74.3852;74.8275;96.6395;10;1599174006
1707;30;741.047;804.6575;181.098;10;1599174006
1708;17;74.8046;75.2965;96.195;10;1599177606
1709;30;741.975;804.96;180.6295;10;1599177606
1710;17;75.42425;75.54;95.791;10;1599181206
1711;30;741.612;806.179;180.873;10;1599181206
1712;17;75.96375;76.17;95.589;10;1599184807
1713;30;742.945;806.3405;181.0105;10;1599184807
1714;17;76.30075;73.9925;94.863;10;1599188407
1715;30;738.625;804.005;180.299;10;1599188407
1716;17;77.28225;74.8675;94.56;10;1599192007
1717;30;737.978;804.879;180.563;10;1599192007
1718;17;77.8635;75.113;94.3375;10;1599195607
1719;30;737.858;803.803;181.213;10;1599195607
1720;17;78.199;75.8825;94.2975;10;1599199207
1721;30;736.849;804.0455;181.5585;10;1599199207
1722;17;79.239;74.928;93.792;10;1599202807
1723;30;736.485;803.6805;181.4775;10;1599202807
1724;17;79.87;72.9945;93.3295;10;1599206407
1725;30;732.932;801.4685;181.518;10;1599206407
1726;17;81.093;71.107;92.9655;10;1599210007
1727;30;730.47;799.133;181.4175;10;1599210007
1728;17;83.034;70.74;93.047;10;1599213607
1729;30;728.452;797.1825;182.9905;10;1599213607
1730;17;87.2;63.9865;91.918;10;1599217207
1731;30;724.696;790.6645;177.892;10;1599217207
1732;17;95.538;60.9745;89.293;10;1599220806
1733;30;725.141;786.157;176.495;10;1599220806
1734;17;105.0335;73.6855;95.308;10;1599224406
1735;30;737.171;793.449;189.4425;10;1599224406
1736;17;109.0365;82.7135;97.7715;10;1599228006
1737;30;747.182;801.8355;189.319;10;1599228006
1738;17;114.9995;91.153;100.8785;10;1599231606
1739;30;758.244;806.06;197.3995;10;1599231606
1740;17;120.0515;90.5905;98.961;10;1599235206
1741;30;760.828;807.6435;199.058;10;1599235206
1742;17;125.0265;99.1945;102.292;10;1599238806
1743;30;769.305;812.1935;204.2145;10;1599238806
1744;17;123.1985;101.154;100.475;10;1599242406
1745;30;772.494;814.4065;203.319;10;1599242406
1746;17;122.45;104.47;100.697;10;1599246006
1747;30;775.645;817.1685;206.2525;10;1599246006
1748;17;124.189;105.2225;99.809;10;1599249606
1749;30;777.379;820.316;205.214;10;1599249606
1750;17;125.132;105.628;99.3035;10;1599253206
1751;30;780.327;823.2405;207.8785;10;1599253206
1752;17;126.68;106.096;99.6675;10;1599256806
1753;30;781.296;824.6615;208.551;10;1599256806
1754;17;125.5855;103.535;97.367;10;1599260406
1755;30;781.377;824.964;204.043;10;1599260406
1756;17;126.2635;102.7805;97.4265;10;1599264006
1757;30;780.124;824.457;205.0395;10;1599264006
1758;17;126.375;101.9455;96.922;10;1599267606
1759;30;779.196;824.2125;203.3665;10;1599267606
1760;17;127.354;101.741;96.861;10;1599271206
1761;30;778.752;824.05;204.997;10;1599271206
1762;17;128.1175;103.792;96.922;10;1599274806
1763;30;780.368;825.2285;205.7085;10;1599274806
1764;17;128.7435;103.59;96.236;10;1599278406
1765;30;781.66;825.836;204.2995;10;1599278406
1766;17;129.663;102.919;95.9135;10;1599282006
1767;30;779.963;825.105;203.89;10;1599282006
1768;17;130.7005;102.5115;95.3065;10;1599285606
1769;30;778.874;824.476;202.318;10;1599285606
1770;17;130.7685;98.976;94.54;10;1599289206
1771;30;776.895;824.132;200.7475;10;1599289206
1772;17;132.8425;101.292;95.3485;10;1599292806
1773;30;777.298;823.786;201.726;10;1599292806
1774;17;138.3415;99.804;94.3995;10;1599296406
1775;30;776.492;822.851;200.584;10;1599296406
1776;17;150.5565;95.594;93.3705;10;1599300006
1777;30;772.778;818.9525;202.8335;10;1599300006
1778;17;157.3435;99.9255;94.7835;10;1599303606
1779;30;777.218;820.881;201.934;10;1599303606
1780;17;170.9985;100.2105;95.9745;10;1599307207
1781;30;777.582;819.561;210.5765;10;1599307207
1782;17;185.3035;101.5545;93.3295;10;1599310807
1783;30;780.932;821.8365;212.024;10;1599310807
1784;17;205.21;109.829;101.8485;10;1599314407
1785;30;787.917;825.0035;219.391;10;1599314407
1786;17;217.2535;118.533;103.8065;10;1599318007
1787;30;802.0795;828.801;226.9815;10;1599318007
1788;17;219.9305;131.4745;106.753;10;1599321607
1789;30;809.9355;834.1015;231.8325;10;1599321607
1790;17;219.8165;132.54;103.7865;10;1599325207
1791;30;812.445;835.602;231.6725;10;1599325207
1792;17;225.0835;136.102;105.622;10;1599328806
1793;30;815.0775;838.67;235.018;10;1599328806
1794;17;224.927;140.925;106.53;10;1599332406
1795;30;819.0335;841.0245;238.827;10;1599332406
1796;17;219.6855;140.137;104.6135;10;1599336006
1797;30;819.8145;842.3045;235.501;10;1599336006
1798;17;221.1475;139.4035;104.028;10;1599339606
1799;30;820.9005;844.0285;235.192;10;1599339606
1800;17;225.4675;138.996;103.4625;10;1599343206
1801;30;821.7015;844.008;235.8835;10;1599343206
1802;17;232.0965;139.8685;104.45;10;1599346806
1803;30;822.848;845.2255;237.942;10;1599346806
1804;17;232.8885;142.328;105.46;10;1599350407
1805;30;825.255;847.784;239.449;10;1599350407
1806;17;230.5715;142.186;104.713;10;1599354007
1807;30;827.2865;849.3475;238.0395;10;1599354007
1808;17;229.5405;142.247;104.451;10;1599357607
1809;30;828.0075;850.138;236.628;10;1599357607
1810;17;229.222;140.051;104.108;10;1599361207
1811;30;828.529;850.3225;236.259;10;1599361207
1812;17;229.331;139.521;103.8045;10;1599364807
1813;30;827.0835;850.2815;234.91;10;1599364807
1814;17;233.223;130.1655;101.605;10;1599372007
1815;30;825.0515;847.702;230.1945;10;1599372007
1816;17;238.26;127.9715;101.424;10;1599375607
1817;30;822.5835;847.378;228.7865;10;1599375607
1818;17;249.397;130.339;101.524;10;1599379207
1819;30;820.877;846.363;228.826;10;1599379207
1820;17;274.3005;126.1075;100.8995;10;1599382807
1821;30;816.3015;840.962;232.6875;10;1599382807
1822;17;304.763;126.6565;101.6865;10;1599386407
1823;30;813.5645;837.9755;235.9015;10;1599386407
1824;17;329.8055;136.4905;105.0365;10;1599390007
1825;30;816.3985;841.428;248.738;10;1599390007
1826;17;336.906;144.9195;104.9555;10;1599393606
1827;30;821.958;844.922;250.124;10;1599393606
1828;17;352.61;148.7265;106.53;10;1599397206
1829;30;823.9665;846.241;255.637;10;1599397206
1830;17;369.4465;158.185;110.224;10;1599400806
1831;30;827.7835;848.5165;264.2875;10;1599400806
1832;17;378.84;162.0945;110.5475;10;1599404406
1833;30;830.8175;850.547;267.534;10;1599404406
1834;17;388.1065;170.5555;113.0905;10;1599408006
1835;30;834.153;853.4515;274.061;10;1599408006
1836;17;390.2265;175.93;113.2915;10;1599411606
1837;30;837.1665;856.09;276.6315;10;1599411606
1838;17;387.6275;179.698;112.625;10;1599415208
1839;30;839.7365;857.7145;277.423;10;1599415208
1840;17;383.327;177.242;111.091;10;1599418808
1841;30;840.7015;859.0955;275.93;10;1599418808
1842;17;379.9355;177.9945;111.0495;10;1599422408
1843;30;842.889;861.4085;273.966;10;1599422408
1844;17;379.249;174.2135;110.5865;10;1599426008
1845;30;844.1955;863.0115;271.167;10;1599426008
1846;17;384.063;174.2335;111.1305;10;1599429608
1847;30;844.4755;863.601;272.8185;10;1599429608
1848;17;385.718;175.0455;111.4945;10;1599433208
1849;30;846.2835;865.022;274.691;10;1599433208
1850;17;384.6395;173.234;110.6255;10;1599436806
1851;30;847.086;865.691;273.239;10;1599436806
1852;17;383.952;172.848;110.565;10;1599440406
1853;30;848.1475;866.7475;272.134;10;1599440406
1854;17;382.733;171.927;110.787;10;1599444006
1855;30;849.3115;867.762;271.4765;10;1599444006
1856;17;382.451;170.362;110.322;10;1599447606
1857;30;848.187;867.6;269.251;10;1599447606
1858;17;383.4555;169.8515;111.311;10;1599451206
1859;30;849.0505;868.6545;269.2465;10;1599451206
1860;17;383.8955;167.5335;110.8275;10;1599454806
1861;30;849.3115;869.223;266.4725;10;1599454806
1862;17;385.118;162.275;109.737;10;1599458406
1863;30;846.6005;867.822;261.817;10;1599458406
1864;17;397.5225;156.5005;108.2635;10;1599462006
1865;30;842.4445;865.244;257.5485;10;1599462006
1866;17;421.9155;153.7915;108.6675;10;1599465606
1867;30;838.488;863.0095;263.204;10;1599465606
1868;17;454.009;152.408;109.0125;10;1599469206
1869;30;836.481;860.4115;272.9505;10;1599469206
1870;17;489.736;156.495;111.697;10;1599472808
1871;30;836.1145;858.989;281.344;10;1599472808
1872;17;523.175;158.0685;111.9985;10;1599476408
1873;30;835.7905;858.6025;289.6415;10;1599476408
1874;17;550.813;176.368;119.6885;10;1599480008
1875;30;839.636;859.1325;306.7675;10;1599480008
1876;17;571.492;177.313;119.589;10;1599483608
1877;30;839.714;858.9295;312.8465;10;1599483608
1878;17;592.2545;198.121;125.2;10;1599487208
1879;30;843.812;861.794;328.669;10;1599487208
1880;17;596.8695;205.031;125.926;10;1599490808
1881;30;845.235;862.708;331.4495;10;1599490808
1882;17;606.8385;216.4495;126.6515;10;1599494406
1883;30;848.932;865.3075;340.7735;10;1599494406
1884;17;607.81;226.784;126.389;10;1599498006
1885;30;853.872;869.226;347.6655;10;1599498006
1886;17;604.808;231.647;124.492;10;1599501606
1887;30;857.8465;872.8795;346.58;10;1599501606
1888;17;604.314;233.5405;123.1795;10;1599505206
1889;30;795.224;790.128;299.3145;10;1599505206
1890;17;547.416;195.8155;102.494;10;1599537606
1891;30;833.1005;842.7095;307.482;10;1599537606
1892;17;571.106;195.864;101.0605;10;1599541206
1893;30;814.923;818.4895;302.962;10;1599541206
1894;17;602.5075;207.212;120.0305;10;1599551111
1895;30;866.655;885.078;321.1465;10;1599551111
1896;17;602.83;205.4;120.0705;10;1599552006
1897;30;865.9515;884.775;319.9015;10;1599552006
1898;17;577.673;183.9635;89.8825;10;1599555606
1899;30;752.542;762.8385;264.8305;10;1599555606
1900;17;626.4215;198.5065;119.5665;10;1599559206
1901;30;861.76;878.8665;320.2045;10;1599559206
1902;17;645.7895;195.2565;120.5355;10;1599562806
1903;30;858.526;875.9425;330.6855;10;1599562806
1904;17;669.5025;198.7155;124.048;10;1599566406
1905;30;857.967;873.242;343.4525;10;1599566406
1906;17;695.4975;209.601;127.842;10;1599570006
1907;30;858.207;874.215;364.748;10;1599570006
1908;17;718.363;218.659;129.093;10;1599573606
1909;30;856.967;873.4665;380.998;10;1599573606
1910;17;741.2135;229.7885;135.432;10;1599577206
1911;30;857.407;873.77;395.979;10;1599577206
1912;17;761.4375;246.415;137.7725;10;1599580806
1913;30;859.166;874.36;408.873;10;1599580806
1914;17;776.3795;263.0005;141.1635;10;1599584406
1915;30;861.081;875.2735;420.605;10;1599584406
1916;17;785.8435;274.016;141.224;10;1599588006
1917;30;862.799;876.94;431.9925;10;1599588006
1918;17;793.2175;289.3725;143.2;10;1599591606
1919;30;866.672;879.823;443.372;10;1599591606
1920;17;795.763;299.7125;141.6465;10;1599595206
1921;30;870.066;882.9095;447.2455;10;1599595206
1922;17;793.646;302.565;139.042;10;1599598806
1923;30;872.182;884.5335;445.037;10;1599598806
1924;17;790.557;301.3275;137.3055;10;1599602406
1925;30;872.422;884.675;439.423;10;1599602406
1926;17;787.7135;299.294;136.358;10;1599606006
1927;30;873.7;885.1845;438.6605;10;1599606006
1928;17;781.9995;297.057;135.7115;10;1599609606
1929;30;874.1;879.264;435.633;10;1599609606
1930;17;714.0165;295.0005;135.631;10;1599613206
1931;30;874.579;862.05;432.851;10;1599613206
1932;17;562.7165;292.6395;134.682;10;1599616807
1933;30;874.779;877.649;429.848;10;1599616807
1934;17;497.592;290.0335;134.5815;10;1599620407
1935;30;874.978;877.526;426.5355;10;1599620407
1936;17;476.3345;287.7745;134.156;10;1599624007
1937;30;875.378;878.46;424.365;10;1599624007
1938;17;465.48555;285.5535;134.258;10;1599627607
1939;30;875.937;878.421;421.972;10;1599627607
1940;17;458.4271;284.185;134.581;10;1599631207
1941;30;877.014;879.112;419.8835;10;1599631207
1942;17;450.70655;279.914;133.3495;10;1599634807
1943;30;875.937;878.136;414.39;10;1599634807
1944;17;441.3343;272.8345;132.8045;10;1599638406
1945;30;872.743;875.535;409.0365;10;1599638406
1946;17;430.898;266.448;131.492;10;1599642006
1947;30;869.948;873.343;399.601;10;1599642006
1948;17;419.4585;262.3555;131.5935;10;1599645606
1949;30;866.232;870.091;396.474;10;1599645606
1950;17;407.8003;258.447;132.684;10;1599649206
1951;30;863.077;865.785;405.9685;10;1599649206
1952;17;396.21315;260.9255;135.1055;10;1599652806
1953;30;863.398;864.608;428.8545;10;1599652806
1954;17;382.08435;267.2485;136.9825;10;1599656406
1955;30;864.036;865.136;449.387;10;1599656406
1956;17;367.83235;269.0455;138.4165;10;1599660007
1957;30;862.678;864.079;460.1655;10;1599660007
1958;17;357.02695;278.4445;143.805;10;1599663607
1959;30;864.116;865.908;477.4845;10;1599663607
1960;17;342.39945;284.338;145.0165;10;1599667207
1961;30;864.836;865.257;486.1995;10;1599667207
1962;17;331.4167;300.871;148.851;10;1599670807
1963;30;865.993;869.806;502.7575;10;1599670807
1964;17;314.8848;308.908;147.942;10;1599674407
1965;30;867.551;870.905;512.753;10;1599674407
1966;17;298.1278;318.7335;148.87;10;1599678007
1967;30;870.066;841.444;522.682;10;1599678007
1968;17;274.20445;321.1795;146.589;10;1599681606
1969;30;870.786;843.27;524.4175;10;1599681606
1970;17;249.6896;323.664;146.266;10;1599685206
1971;30;872.303;845.2785;527.1685;10;1599685206
1972;17;225.63745;325.7185;145.6795;10;1599688806
1973;30;873.26;847.613;528.388;10;1599688806
1974;17;203.65175;325.3955;144.307;10;1599692406
1975;30;874.34;848.708;526.8765;10;1599692406
1976;17;183.6135;321.3715;142.8135;10;1599696006
1977;30;873.741;848.2825;523.997;10;1599696006
1978;17;168.49205;316.065;141.8245;10;1599699606
1979;30;872.941;847.5305;521.931;10;1599699606
1980;17;162.676;317.2825;143.4995;10;1599703206
1981;30;873.301;848.8305;524.86;10;1599703206
1982;17;157.1045;317.971;143.662;10;1599706806
1983;30;842.435;849.9055;524.875;10;1599706806
1984;17;152.647;318.4785;143.662;10;1599710406
1985;30;843.3815;851.2645;525.99;10;1599710406
1986;17;149.9615;318.765;144.005;10;1599714006
1987;30;844.446;852.4815;526.7185;10;1599714006
1988;17;147.0935;318.134;143.701;10;1599717606
1989;30;844.6905;853.557;526.836;10;1599717606
